source,file_id,profile_score_comprehensive_analyst,profile_score_historically_focused,profile_score_technique_style_focused,profile_score_theory_comparison_focused,profile_score_general_descriptive
google_gemini-2.5pro,April\四月(basic).txt,0.6393786475391072,0.4176422506570816,0.6515782741829753,0.9098951816558838,0.6754320785403252
google_gemini-2.5pro,April\四月(with_Brother_Thomas).txt,0.6727795565829557,0.51026451587677,0.6084028959274292,0.9059988260269165,0.8013521432876587
google_gemini-2.5pro,April\四月(with_Dr._Aris_Thorne).txt,0.5018165933296961,0.25259438902139664,0.49193803444504736,0.9199015498161316,0.5261440835893154
google_gemini-2.5pro,April\四月(with_Guo_Xi).txt,0.8441331474220052,0.7860620419184366,0.804646474123001,0.9536737203598022,0.8483795672655106
google_gemini-2.5pro,April\四月(with_John_Ruskin).txt,0.527538526145851,0.37259214123090106,0.32467969208955766,0.9195603728294373,0.6162619814276695
google_gemini-2.5pro,April\四月(with_Mama_Zola).txt,0.273912105764098,0.11334926138321559,0.223078572191298,0.5971824526786804,0.4512072913348675
google_gemini-2.5pro,April\四月(with_Okakura_Kakuzō).txt,0.8292955164523685,0.77272101243337,0.760461474955082,0.9493868350982666,0.8615328669548035
google_gemini-2.5pro,April\四月(with_Professor_Elena_Petrova).txt,0.7460270085755516,0.5240555802981058,0.7480036437511444,0.8021442890167236,0.8501017689704895
google_gemini-2.5pro,April\四月(with_Su_Shi).txt,0.5372954773552278,0.36277549465497333,0.6293929278850555,0.6615814566612244,0.5864529609680176
google_gemini-2.5pro,August\八月(basic).txt,0.48689061753890095,0.3741251826286316,0.4089830994606018,0.586711585521698,0.6192715913057327
google_gemini-2.5pro,August\八月(with_Brother_Thomas).txt,0.6109661744797931,0.45562313000361127,0.5497793927788734,0.9102832078933716,0.7708954364061356
google_gemini-2.5pro,August\八月(with_Dr._Aris_Thorne).txt,0.4325813736547442,0.09663037334879239,0.4407387554645538,0.8884925246238708,0.5085493475198746
google_gemini-2.5pro,August\八月(with_Guo_Xi).txt,0.5860127464813345,0.32230064272880554,0.6078463286161423,0.6771754622459412,0.6583467423915863
google_gemini-2.5pro,August\八月(with_John_Ruskin).txt,0.5847624882179148,0.388773779074351,0.4278536707162857,0.9401403069496155,0.7269296124577522
google_gemini-2.5pro,August\八月(with_Mama_Zola).txt,0.3788172318874037,0.3110339517394702,0.20141385979950427,0.8904213309288025,0.5918610543012619
google_gemini-2.5pro,August\八月(with_Okakura_Kakuzō).txt,0.35844267948585395,0.2334766685962677,0.3357430562376976,0.7654262185096741,0.3968486487865448
google_gemini-2.5pro,August\八月(with_Professor_Elena_Petrova).txt,0.7483607565655428,0.5960881114006042,0.6865967750549317,0.8990518450737,0.8522837311029434
google_gemini-2.5pro,August\八月(with_Su_Shi).txt,0.7543287224629346,0.5527145266532898,0.7831895530223847,0.8620190024375916,0.8639750629663467
google_gemini-2.5pro,December\十二月(basic).txt,0.7795042132630068,0.5511291027069092,0.7588428556919098,0.9811212420463562,0.8491218239068985
google_gemini-2.5pro,December\十二月(with_Brother_Thomas).txt,0.6675716223304763,0.5780519644419352,0.6112592119723559,0.7543652653694153,0.7445748746395111
google_gemini-2.5pro,December\十二月(with_Dr._Aris_Thorne).txt,0.3101727980572511,0.13624046494563422,0.2769255625084043,0.5648877024650574,0.30895520001649857
google_gemini-2.5pro,December\十二月(with_Guo_Xi).txt,0.2928378510508029,0.12742780024806658,0.33289918331429363,0.36012500524520874,0.34818482398986816
google_gemini-2.5pro,December\十二月(with_John_Ruskin).txt,0.8693417170468498,0.8027521371841431,0.8589623689651489,0.9182913899421692,0.9343996047973633
google_gemini-2.5pro,December\十二月(with_Mama_Zola).txt,0.9145306453985327,0.8775917887687683,0.9231409311294556,0.9471092224121094,0.9289436191320419
google_gemini-2.5pro,December\十二月(with_Okakura_Kakuzō).txt,0.7494305968284607,0.6116045018037161,0.7204636991024017,0.8946705460548401,0.8424819707870483
google_gemini-2.5pro,December\十二月(with_Professor_Elena_Petrova).txt,0.4076666341108434,0.26704086860020954,0.4932181417942047,0.5141726136207581,0.45694825053215027
google_gemini-2.5pro,December\十二月(with_Su_Shi).txt,0.7037092920611886,0.4957551856835683,0.8095813512802124,0.6967742443084717,0.7536885887384415
google_gemini-2.5pro,February\二月(Basic).txt,0.5297730175011298,0.26466936121384305,0.7510998249053955,0.7155494093894958,0.4401782788336277
google_gemini-2.5pro,February\二月(with_Brother_Thomas).txt,0.5749565450584188,0.4314604004224141,0.5139864623546601,0.8027106523513794,0.6367848366498947
google_gemini-2.5pro,February\二月(with_Dr_Aris_Thorne).txt,0.43456481397151947,0.29553553462028503,0.46955972015857694,0.6539756655693054,0.4457693099975586
google_gemini-2.5pro,February\二月(with_Guo_Xi).txt,0.16072405567940543,0.09455342094103496,0.15930425524711608,0.2515757977962494,0.19077621959149837
google_gemini-2.5pro,February\二月(with_John_Ruskin).txt,0.25815609689144525,0.035740941762924194,0.27983947321772573,0.5520182847976685,0.2231718972325325
google_gemini-2.5pro,February\二月(with_Mama_Zola).txt,0.860879610566532,0.7832097013791403,0.8454594254493714,0.9296540021896362,0.9045009613037109
google_gemini-2.5pro,February\二月(with_Okakura_Kakuzo).txt,0.837539487025317,0.7719793518384298,0.7872334122657776,0.947036862373352,0.8890091180801392
google_gemini-2.5pro,February\二月(with_Professor_Elena_Petrova).txt,0.4934037989553283,0.27659420917431515,0.5085409760475159,0.5355228185653687,0.5745087042450905
google_gemini-2.5pro,February\二月(with_Su_Shi).txt,0.8080626511398483,0.749997079372406,0.7392083033919334,0.9054940342903137,0.8549797236919403
google_gemini-2.5pro,January\正月(Basic).txt,0.5695236498380408,0.4088720033566157,0.6420699678361416,0.7546178698539734,0.5613085329532623
google_gemini-2.5pro,January\正月(with_Brother_Thomas).txt,0.44804813970318613,0.22536024451255798,0.41128904949873685,0.6326048970222473,0.53805211186409
google_gemini-2.5pro,January\正月(with_Dr_Aris_Thorne).txt,0.7265159417601192,0.5550429423650106,0.8535644173622131,0.7332998514175415,0.7621118575334549
google_gemini-2.5pro,January\正月(with_Guo_Xi).txt,0.6582304502234739,0.3820053040981293,0.7872444152832031,0.6937902569770813,0.7880184501409531
google_gemini-2.5pro,January\正月(with_John_Ruskin).txt,0.5090892913148684,0.35394230484962463,0.28398049548268317,0.8911408185958862,0.6297746300697327
google_gemini-2.5pro,January\正月(with_Mama_Zola).txt,0.4985324253930765,0.33278919259707135,0.5209937527775764,0.8276643753051758,0.5331696420907974
google_gemini-2.5pro,January\正月(with_Okakura_Kakuzo).txt,0.5187904046957984,0.2778690333167712,0.522986539080739,0.7868902087211609,0.575115017592907
google_gemini-2.5pro,January\正月(with_Professor_Elena_Petrova).txt,0.6867797466761926,0.44254039724667865,0.6624184384942055,0.8130717277526855,0.792312353849411
google_gemini-2.5pro,January\正月(with_Su_Shi).txt,0.6486692691550535,0.3238941232363383,0.726016241312027,0.8961098790168762,0.6963538229465485
google_gemini-2.5pro,July\七月(basic).txt,0.37580666975939975,0.12711132690310478,0.468349589407444,0.6551541090011597,0.4128285013139248
google_gemini-2.5pro,July\七月(with_Brother_Thomas).txt,0.8043353417340446,0.7669386863708496,0.7516786098480225,0.9531552791595459,0.8925148546695709
google_gemini-2.5pro,July\七月(with_Dr_Aris_Thorne).txt,0.8347383422010085,0.7475762565930685,0.7571908354759216,0.9411893486976624,0.9120997786521912
google_gemini-2.5pro,July\七月(with_Guo_Xi).txt,0.4438321103944498,0.255140095949173,0.41969997733831405,0.5946518182754517,0.5349618531763554
google_gemini-2.5pro,July\七月(with_John_Ruskin).txt,0.6868475237313438,0.6126348177591959,0.5280782639980316,0.8432188630104065,0.8595176339149475
google_gemini-2.5pro,July\七月(with_Mama_Zola).txt,0.7013367883422795,0.6310192942619324,0.6965467855334282,0.8634693026542664,0.7658731639385223
google_gemini-2.5pro,July\七月(with_Okakura_Kakuzō).txt,0.6125526415074573,0.3233959376811981,0.549661685526371,0.8908891677856445,0.7351289540529251
google_gemini-2.5pro,July\七月(with_Professor_Elena_Petrova).txt,0.4170960950500825,0.29532064497470856,0.3062906265258789,0.7087586522102356,0.5059873685240746
google_gemini-2.5pro,July\七月(with_Su_Shi).txt,0.7398325193892507,0.49389416972796124,0.7630350314080715,0.9011398553848267,0.8517008125782013
google_gemini-2.5pro,June\六月(basic).txt,0.3049271495684105,0.11961889018615086,0.2353940423578024,0.7293873429298401,0.38343295454978943
google_gemini-2.5pro,June\六月(with_Brother_Thomas).txt,0.8721344861037591,0.8855132063229879,0.757646931707859,0.9534906148910522,0.9188963919878006
google_gemini-2.5pro,June\六月(with_Dr._Aris_Thorne).txt,0.5871161941219779,0.4326046307881673,0.6790959239006042,0.5563579201698303,0.6197465658187866
google_gemini-2.5pro,June\六月(with_Guo_Xi).txt,0.23307903264375293,0.07400168726841609,0.35278192460536956,0.1621357947587967,0.27953397296369076
google_gemini-2.5pro,June\六月(with_John_Ruskin).txt,0.8892378123367534,0.8992069760958353,0.813760393857956,0.972374677658081,0.9747007787227631
google_gemini-2.5pro,June\六月(with_Mama_Zola).txt,0.4723791357348947,0.3437439302603404,0.434744131565094,0.7528955936431885,0.5687645748257637
google_gemini-2.5pro,June\六月(with_Okakura_Kakuzō).txt,0.1977329942781259,0.06137919177611669,0.09881866741925478,0.6118344664573669,0.31085865292698145
google_gemini-2.5pro,June\六月(with_Professor_Elena_Petrova).txt,0.7541986738934237,0.6578394571940104,0.6011715710163117,0.8999691605567932,0.9191989451646805
google_gemini-2.5pro,June\六月(with_Su_Shi).txt,0.4651996179976884,0.13566249484817186,0.532955740392208,0.6440754532814026,0.5550667941570282
google_gemini-2.5pro,March\三月(basic).txt,0.6358984060147229,0.46985775232315063,0.7644574463367462,0.6931633353233337,0.6283747553825378
google_gemini-2.5pro,March\三月(with_Brother_Thomas).txt,0.49948929031105604,0.5097530285517374,0.37372170835733415,0.7191823720932007,0.6156372651457787
google_gemini-2.5pro,March\三月(with_Dr_Aris_Thorne).txt,0.813476397710688,0.7551627159118652,0.7976863622665405,0.9436273574829102,0.8419837802648544
google_gemini-2.5pro,March\三月(with_Guo_Xi).txt,0.7835569925167981,0.6252796351909637,0.8375551700592041,0.8586524128913879,0.7754719853401184
google_gemini-2.5pro,March\三月(with_John_Ruskin).txt,0.8541680223801557,0.80290287733078,0.8227714776992798,0.9579010605812073,0.8872480392456055
google_gemini-2.5pro,March\三月(with_Mama_Zola).txt.txt,0.5268923736670438,0.39564794301986694,0.47535681426525117,0.768726646900177,0.648123674094677
google_gemini-2.5pro,March\三月(with_Okakura_Kakuzo).txt,0.5768060425625128,0.3931358903646469,0.6036380276083946,0.7358576655387878,0.6041402891278267
google_gemini-2.5pro,March\三月(with_Professor_Elena_Petrova).txt,0.5604101515868131,0.41839878757794696,0.6174231380224228,0.5945801734924316,0.553879626095295
google_gemini-2.5pro,March\三月(with_Su_Sh).txt,0.36253328095464143,0.37096691131591797,0.2694283813238144,0.5643813610076904,0.4163317531347275
google_gemini-2.5pro,May\五月(basic).txt,0.520774660851149,0.1917431280016899,0.5801688838750124,0.8955018520355225,0.5494062602519989
google_gemini-2.5pro,May\五月(with_Brother_Thomas).txt,0.7658701048177832,0.6228778660297394,0.6539113581180572,0.9863727688789368,0.8354888409376144
google_gemini-2.5pro,May\五月(with_Dr._Aris_Thorne).txt,0.21595080240684397,0.1357166444261869,0.21044619977474213,0.5157890915870667,0.2076708823442459
google_gemini-2.5pro,May\五月(with_Guo_Xi).txt,0.7421385803643394,0.6754139761130015,0.6173038840293884,0.877133846282959,0.8971936106681824
google_gemini-2.5pro,May\五月(with_John_Ruskin).txt,0.7278662107008345,0.7563533782958984,0.581008181720972,0.9598099589347839,0.8172433823347092
google_gemini-2.5pro,May\五月(with_Mama_Zola).txt,0.7572681158781052,0.7376132210095724,0.6917938202619552,0.8757433891296387,0.8123956769704819
google_gemini-2.5pro,May\五月(with_Okakura_Kakuzō).txt,0.1661578565288116,0.04977833852171898,0.18710082080215215,0.4149923622608185,0.2541379891335964
google_gemini-2.5pro,May\五月(with_Professor_Elena_Petrova).txt,0.46169210882747874,0.2921270926793416,0.26614159941673277,0.881529688835144,0.5892755836248398
google_gemini-2.5pro,May\五月(with_Su_Shi).txt,0.8995697813875535,0.8325733542442322,0.906290876865387,0.9537355303764343,0.9043968915939331
google_gemini-2.5pro,November\十一月(basic).txt,0.9256463226150063,0.9428234895070394,0.8504864335060119,0.9863521456718445,0.9678408950567245
google_gemini-2.5pro,November\十一月(with_Brother_Thomas).txt,0.5985023342072964,0.3675648545225461,0.48524120524525644,0.9816657304763794,0.6015564575791359
google_gemini-2.5pro,November\十一月(with_Dr._Aris_Thorne).txt,0.8042685442111072,0.6438628633817037,0.8292758166790009,0.9312147498130798,0.8337566256523132
google_gemini-2.5pro,November\十一月(with_Guo_Xi).txt,0.7859799520057791,0.7424242297808329,0.726323476433754,0.9230883717536926,0.8076618611812592
google_gemini-2.5pro,November\十一月(with_John_Ruskin).txt,0.7515935275484534,0.7231131990750631,0.5275436908006668,0.9530543088912964,0.9062418788671494
google_gemini-2.5pro,November\十一月(with_Mama_Zola).txt,0.6720437705516815,0.5864429970582327,0.6072392702102661,0.7999222874641418,0.7782788425683975
google_gemini-2.5pro,November\十一月(with_Okakura_Kakuzō).txt,0.746139885748134,0.5263329843680064,0.8003460526466369,0.9596752524375916,0.7463257908821106
google_gemini-2.5pro,November\十一月(with_Professor_Elena_Petrova).txt,0.7224399368552601,0.49416376650333405,0.7159829139709473,0.9127461314201355,0.7707021832466125
google_gemini-2.5pro,November\十一月(with_Su_Shi).txt,0.5922331424320445,0.3964935839176178,0.6539884686470032,0.6469411253929138,0.6612759232521057
google_gemini-2.5pro,october\十月(basic).txt,0.7397301582729116,0.5820364554723104,0.7550430774688721,0.9184943437576294,0.803756445646286
google_gemini-2.5pro,october\十月(with_Brother_Thomas).txt,0.7201832776122233,0.6538686951001486,0.5775777392089367,0.9615142941474915,0.7037148550152779
google_gemini-2.5pro,october\十月(with_Dr._Aris_Thorne).txt,0.7529697768828448,0.4404749274253845,0.7761840105056763,0.9559802412986755,0.8321176171302795
google_gemini-2.5pro,october\十月(with_Guo_Xi).txt,0.7636141286176794,0.6894785165786743,0.7215346097946167,0.9365265369415283,0.8193630427122116
google_gemini-2.5pro,october\十月(with_John_Ruskin).txt,0.5188973962931949,0.3021460523207982,0.4883266584947705,0.8276326060295105,0.5411828309297562
google_gemini-2.5pro,october\十月(with_Mama_Zola).txt,0.3415416685097358,0.19876855115095773,0.28778079301118853,0.5180813670158386,0.4953092560172081
google_gemini-2.5pro,october\十月(with_Okakura_Kakuzō).txt,0.897719029118033,0.83632359902064,0.8565989255905151,0.9842993021011353,0.9607410579919815
google_gemini-2.5pro,october\十月(with_Professor_Elena_Petrova).txt,0.48751874005093293,0.39038970073064166,0.485452426224947,0.5562843084335327,0.4978951057419181
google_gemini-2.5pro,october\十月(with_Su_Shi).txt,0.6374057082130629,0.5593503216902415,0.5707831643521786,0.8899606466293335,0.6582740321755409
google_gemini-2.5pro,September\九月(basic).txt,0.5675725796643425,0.4169919788837433,0.6295263350009919,0.6316570043563843,0.5608375072479248
google_gemini-2.5pro,September\九月(with_Brother_Thomas).txt,0.5112645775079727,0.48901958266894024,0.4027036875486374,0.583393394947052,0.6217268705368042
google_gemini-2.5pro,September\九月(with_Dr._Aris_Thorne).txt,0.6017605653580498,0.578460176785787,0.561842742562294,0.8637797236442566,0.6385794878005981
google_gemini-2.5pro,September\九月(with_Guo_Xi).txt,0.6795282749568715,0.5711787541707357,0.6930059671401978,0.7200171947479248,0.7484013736248016
google_gemini-2.5pro,September\九月(with_John_Ruskin).txt,0.5488996961537529,0.3620111842950185,0.5687078237533569,0.6822457313537598,0.6151131764054298
google_gemini-2.5pro,September\九月(with_Mama_Zola).txt,0.4671233769725351,0.3891483048597972,0.3538240522146225,0.8332326412200928,0.5668216645717621
google_gemini-2.5pro,September\九月(with_Okakura_Kakuzō).txt,0.6852465762811548,0.507862408955892,0.6503911972045898,0.877638041973114,0.7807912230491638
google_gemini-2.5pro,September\九月(with_Professor_Elena_Petrova).txt,0.4741809170912294,0.2677152678370476,0.42042801082134246,0.6299830675125122,0.5249794274568558
google_gemini-2.5pro,September\九月(with_Su_Shi).txt,0.8278961917933296,0.7190472880999247,0.7652980208396911,0.944979727268219,0.9404818266630173
meta-llama_Llama-3.1-8B-Instruct,April\四月(basic).txt,0.5603240643463591,0.28386733929316205,0.5989442138001323,0.9657865762710571,0.6791303604841232
meta-llama_Llama-3.1-8B-Instruct,April\四月(with_Brother_Thomas).txt,0.42245468519189777,0.4571349161366622,0.5270895898342133,0.44486892223358154,0.346630472689867
meta-llama_Llama-3.1-8B-Instruct,April\四月(with_Dr_Aris_Thorne).txt,0.7741054734762978,0.3641458551088969,0.9463513851165771,0.9909353256225586,0.738611213862896
meta-llama_Llama-3.1-8B-Instruct,April\四月(with_Guo_Xi).txt,0.36570314580903335,0.09400500729680061,0.442162024974823,0.6186652779579163,0.4554970804601908
meta-llama_Llama-3.1-8B-Instruct,April\四月(with_John_Ruskin).txt,0.6370863826835856,0.5620136062304179,0.5157083988189697,0.9807454943656921,0.6200028285384178
meta-llama_Llama-3.1-8B-Instruct,April\四月(with_Mama_Zola).txt,0.30204570030464845,0.20986507336298624,0.2214250832796097,0.7582650184631348,0.40040265768766403
meta-llama_Llama-3.1-8B-Instruct,April\四月(with_Okakura_Kakuzō).txt,0.6706742770312464,0.6708132028579712,0.6604457780718803,0.9625651836395264,0.6956563740968704
meta-llama_Llama-3.1-8B-Instruct,April\四月(with_Professor_Elena_Petrova).txt,0.301212823127999,0.11086065570513408,0.33368921279907227,0.40891018509864807,0.3604944944381714
meta-llama_Llama-3.1-8B-Instruct,April\四月(with_Su_Shi).txt,0.5951465946786544,0.5650424659252167,0.610640674829483,0.4531019926071167,0.6793428063392639
meta-llama_Llama-3.1-8B-Instruct,August\八月_仲秋(basic).txt,0.8912750307251426,0.8115213513374329,0.9547855615615845,0.9066365361213684,0.9038886427879333
meta-llama_Llama-3.1-8B-Instruct,August\八月_仲秋(with_Brother_Thomas).txt,0.42860414356212406,0.2049377349515756,0.37526718955487015,0.9061200022697449,0.5777886621654034
meta-llama_Llama-3.1-8B-Instruct,August\八月_仲秋(with_Dr_Aris_Thorne).txt,0.6435559624258209,0.44388579825560254,0.5357735499739646,0.9839227199554443,0.6918448805809021
meta-llama_Llama-3.1-8B-Instruct,August\八月_仲秋(with_Guo_Xi).txt,0.15262493691133225,0.13865035120397806,0.24522231137380004,0.1135626882314682,0.14081940753385425
meta-llama_Llama-3.1-8B-Instruct,August\八月_仲秋(with_John_Ruskin).txt,0.781134843826294,0.8479158679644266,0.7424283981323242,0.9512425065040588,0.8349738568067551
meta-llama_Llama-3.1-8B-Instruct,August\八月_仲秋(with_Mama_Zola).txt,0.18972573896376965,0.27860557722548646,0.14267825349234045,0.7625197768211365,0.13106130994856358
meta-llama_Llama-3.1-8B-Instruct,August\八月_仲秋(with_Okakura_Kakuzō).txt,0.5215252706890597,0.11749099443356197,0.5832501120865345,0.972453773021698,0.6779877953231335
meta-llama_Llama-3.1-8B-Instruct,August\八月_仲秋(with_Professor_Elena_Petrova).txt,0.6883173970615163,0.2887593408425649,0.9212301850318909,0.8870096206665039,0.632283627986908
meta-llama_Llama-3.1-8B-Instruct,August\八月_仲秋(with_Su_Shi).txt,0.588761442066992,0.23689677069584528,0.6567434348165989,0.9747762084007263,0.7267785221338272
meta-llama_Llama-3.1-8B-Instruct,December\十二月(basic).txt,0.49736697073368463,0.23485901951789856,0.45367859229445456,0.9773615002632141,0.5345911011099815
meta-llama_Llama-3.1-8B-Instruct,December\十二月(with_Brother_Thomas).txt,0.7849632115925059,0.7029169996579488,0.7474131405353546,0.9471724033355713,0.8751760274171829
meta-llama_Llama-3.1-8B-Instruct,December\十二月(with_Dr_Aris_Thorne).txt,0.18229586675571388,0.013192708021961153,0.012208704184740782,0.5364068150520325,0.30930426937993616
meta-llama_Llama-3.1-8B-Instruct,December\十二月(with_Guo_Xi).txt,0.5968462329576997,0.21930436044931412,0.8444256544113159,0.6176100373268127,0.6935198083519936
meta-llama_Llama-3.1-8B-Instruct,December\十二月(with_John_Ruskin).txt,0.13995786760385862,0.08415109167496364,0.05812310515902937,0.8711903095245361,0.17872780095785856
meta-llama_Llama-3.1-8B-Instruct,December\十二月(with_Mama_Zola).txt,0.2862161180716665,0.3738000113517046,0.2603817291557789,0.23763863742351532,0.377617078833282
meta-llama_Llama-3.1-8B-Instruct,December\十二月(with_Okakura_Kakuzō).txt,0.4305267436977695,0.2798800691962242,0.5261979598551989,0.529610276222229,0.4875548854470253
meta-llama_Llama-3.1-8B-Instruct,December\十二月(with_Professor_Elena_Petrova).txt,0.3448389260207905,0.20329583684603372,0.4018971771001816,0.49880242347717285,0.38255777955055237
meta-llama_Llama-3.1-8B-Instruct,December\十二月(with_Su_Shi).txt,0.6432599372723523,0.4337971359491348,0.6248892039060593,0.8750478625297546,0.6710906326770782
meta-llama_Llama-3.1-8B-Instruct,February\二月(basic).txt,0.29295598343014717,0.31566095786790055,0.3154232192784548,0.25673815608024597,0.29978094110265374
meta-llama_Llama-3.1-8B-Instruct,February\二月(with_Brother_Thomas).txt,0.6876020183896318,0.5452281733353933,0.702813907712698,0.8863399624824524,0.8118701726198196
meta-llama_Llama-3.1-8B-Instruct,February\二月(with_Dr_Aris_Thorne).txt,0.7301152576418484,0.47689873973528546,0.83607919216156,0.9023646712303162,0.8255206346511841
meta-llama_Llama-3.1-8B-Instruct,February\二月(with_Guo_Xi).txt,0.7713583129293778,0.571437140305837,0.8994886159896851,0.5347848534584045,0.8374651521444321
meta-llama_Llama-3.1-8B-Instruct,February\二月(with_John_Ruskin).txt,0.522203299052575,0.33474767208099365,0.501054534316063,0.8481035232543945,0.5509485155344009
meta-llama_Llama-3.1-8B-Instruct,February\二月(with_Mama_Zola).txt,0.8323290926568648,0.7134587268034617,0.9128769397735595,0.8427186012268066,0.9222732037305832
meta-llama_Llama-3.1-8B-Instruct,February\二月(with_Okakura_Kakuzō).txt,0.46570161976577606,0.10054616040239732,0.6027875669300556,0.9366164207458496,0.6309426948428154
meta-llama_Llama-3.1-8B-Instruct,February\二月(with_Professor_Elena_Petrova).txt,0.5148646089741412,0.36139300217231113,0.42649690471589563,0.9862332344055176,0.5824950188398361
meta-llama_Llama-3.1-8B-Instruct,February\二月(with_Su_Shi).txt,0.7648050890249365,0.812448263168335,0.8043069005012512,0.8731547594070435,0.7052950412034988
meta-llama_Llama-3.1-8B-Instruct,January\一月_正月(basic).txt,0.27309897898093743,0.09041349900265534,0.15671198796480895,0.9058641791343689,0.47159434109926224
meta-llama_Llama-3.1-8B-Instruct,January\一月_正月(with_Brother_Thomas).txt,0.41540441903121333,0.2445755936205387,0.28391105085611346,0.8349641561508179,0.49513129144907
meta-llama_Llama-3.1-8B-Instruct,January\一月_正月(with_Dr_Aris_Thorne).txt,0.1828706257373971,0.07644399379690488,0.15742277558892964,0.5635446906089783,0.27517392486333847
meta-llama_Llama-3.1-8B-Instruct,January\一月_正月(with_Guo_Xi).txt,0.46519933827221394,0.027329471583167713,0.6683644771575927,0.4529624581336975,0.5489545445889235
meta-llama_Llama-3.1-8B-Instruct,January\一月_正月(with_John_Ruskin).txt,0.35377055236741023,0.07857789720098178,0.2973387634381652,0.9707368016242981,0.5243780799210072
meta-llama_Llama-3.1-8B-Instruct,January\一月_正月(with_Mama_Zola).txt,0.21556114410871968,0.1377834895004829,0.17225547786802053,0.2961343228816986,0.22398794069886208
meta-llama_Llama-3.1-8B-Instruct,January\一月_正月(with_Okakura_Kakuzō).txt,0.7358808859306223,0.6075500249862671,0.6629036635160446,0.9709881544113159,0.8078412264585495
meta-llama_Llama-3.1-8B-Instruct,January\一月_正月(with_Professor_Elena_Petrova).txt,0.563240323215723,0.13990659390886626,0.7843122601509094,0.9525648951530457,0.58836430311203
meta-llama_Llama-3.1-8B-Instruct,January\一月_正月(with_Su_Shi).txt,0.66026470766348,0.49332667390505475,0.6799678921699523,0.8908832669258118,0.7170794457197189
meta-llama_Llama-3.1-8B-Instruct,July\七月(basic).txt,0.3989235003314474,0.09168811266620953,0.4133088545873761,0.9596783518791199,0.49710557237267494
meta-llama_Llama-3.1-8B-Instruct,July\七月(with_Brother_Thomas).txt,0.3915051224586718,0.3664823143432538,0.470526984333992,0.744357705116272,0.32172513380646706
meta-llama_Llama-3.1-8B-Instruct,July\七月(with_Dr_Aris_Thorne).txt,0.5212445546160726,0.3978726863861084,0.3014811918139458,0.9319849610328674,0.7914199233055115
meta-llama_Llama-3.1-8B-Instruct,July\七月(with_Guo_Xi).txt,0.48377749184146523,0.1129295309074223,0.5744219670072198,0.7689879536628723,0.5349195431917906
meta-llama_Llama-3.1-8B-Instruct,July\七月(with_John_Ruskin).txt,0.6986984216115054,0.4358205199241638,0.7478226542472839,0.9181151986122131,0.842767134308815
meta-llama_Llama-3.1-8B-Instruct,July\七月(with_Mama_Zola).txt,0.42860496570082274,0.2717948208252589,0.455056431889534,0.8064687848091125,0.4523981809616089
meta-llama_Llama-3.1-8B-Instruct,July\七月(with_Okakura_Kakuzō).txt,0.5291904868448482,0.5929245203733444,0.4493949979543686,0.701482892036438,0.6387755945324898
meta-llama_Llama-3.1-8B-Instruct,July\七月(with_Professor_Elena_Petrova).txt,0.7348704040050507,0.6551078061262766,0.8711782693862915,0.9193260669708252,0.76960888504982
meta-llama_Llama-3.1-8B-Instruct,July\七月(with_Su_Shi).txt,0.6352682972655577,0.536401609579722,0.7645426988601685,0.730435848236084,0.6310878843069077
meta-llama_Llama-3.1-8B-Instruct,June\六月(basic).txt,0.4237116007682155,0.22525888433059058,0.21654846295714378,0.9884604811668396,0.5841398313641548
meta-llama_Llama-3.1-8B-Instruct,June\六月(with_Brother_Thomas).txt,0.34666909737622037,0.2096089981496334,0.43150043189525605,0.7852799296379089,0.32296059280633926
meta-llama_Llama-3.1-8B-Instruct,June\六月(with_Dr_Aris_Thorne).txt,0.6129587739706039,0.6418650448322296,0.54143306016922,0.9453832507133484,0.6127899587154388
meta-llama_Llama-3.1-8B-Instruct,June\六月(with_Guo_Xi).txt,0.5801190199220881,0.4942479232947032,0.5716492176055908,0.7973021864891052,0.7011011391878128
meta-llama_Llama-3.1-8B-Instruct,June\六月(with_John_Ruskin).txt,0.19769052903660955,0.09410933405160904,0.12019093856215476,0.45457684993743896,0.2618976440280676
meta-llama_Llama-3.1-8B-Instruct,June\六月(with_Mama_Zola).txt,0.569699619184522,0.3291470507780711,0.5589706748723984,0.9489214420318604,0.7420281618833542
meta-llama_Llama-3.1-8B-Instruct,June\六月(with_Okakura_Kakuzō).txt,0.5675040660973858,0.46815259506305057,0.31948245093226435,0.920259416103363,0.7684859931468964
meta-llama_Llama-3.1-8B-Instruct,June\六月(with_Professor_Elena_Petrova).txt,0.4075477241045412,0.027935375769933064,0.5581316841766238,0.8641709089279175,0.35143978893756866
meta-llama_Llama-3.1-8B-Instruct,June\六月(with_Su_Shi).txt,0.3769516116555999,0.30670157819986343,0.20769057273864747,0.919307291507721,0.5724432840943336
meta-llama_Llama-3.1-8B-Instruct,March\三月(basic).txt,0.6325141244074878,0.5503043234348297,0.6029416382312774,0.89287930727005,0.6761623919010162
meta-llama_Llama-3.1-8B-Instruct,March\三月(with_Brother_Thomas).txt,0.4605758705121629,0.2621886034806569,0.36192201599478724,0.7590742111206055,0.6441080123186111
meta-llama_Llama-3.1-8B-Instruct,March\三月(with_Dr_Aris_Thorne).txt,0.43424896463094387,0.12035121644536655,0.5463870346546174,0.9842836260795593,0.5424292832612991
meta-llama_Llama-3.1-8B-Instruct,March\三月(with_Guo_Xi).txt,0.17232016078196466,0.014900819631293416,0.4424170427024364,0.16071705520153046,0.08234419673681259
meta-llama_Llama-3.1-8B-Instruct,March\三月(with_John_Ruskin).txt,0.6023134168456582,0.4035801390806834,0.45920495986938475,0.9546809196472168,0.7632783353328705
meta-llama_Llama-3.1-8B-Instruct,March\三月(with_Mama_Zola).txt,0.3555914164685151,0.31010738015174866,0.17331091705709695,0.9512208700180054,0.4156290367245674
meta-llama_Llama-3.1-8B-Instruct,March\三月(with_Okakura_Kakuzō).txt,0.6997782991212957,0.6136510074138641,0.6505788743495942,0.9260401725769043,0.8152958452701569
meta-llama_Llama-3.1-8B-Instruct,March\三月(with_Professor_Elena_Petrova).txt,0.2796645060537712,0.05704003944993019,0.07911772732622921,0.9530866146087646,0.39495738595724106
meta-llama_Llama-3.1-8B-Instruct,March\三月(with_Su_Shi).txt,0.8812205090242273,0.9150659243265787,0.8270859241485595,0.9700600504875183,0.9159694463014603
meta-llama_Llama-3.1-8B-Instruct,May\五月_龙舟竞渡(basic).txt,0.24085618147407384,0.15116270631551743,0.1470326079055667,0.3941267728805542,0.3000739570707083
meta-llama_Llama-3.1-8B-Instruct,May\五月_龙舟竞渡(with_Brother_Thomas).txt,0.16646480204893604,0.0035353683245678744,0.18146312138997017,0.45874425768852234,0.2524327806895599
meta-llama_Llama-3.1-8B-Instruct,May\五月_龙舟竞渡(with_Dr_Aris_Thorne).txt,0.8791254530934727,0.9189555446306864,0.9181818485260009,0.9704999923706055,0.86969093978405
meta-llama_Llama-3.1-8B-Instruct,May\五月_龙舟竞渡(with_Guo_Xi).txt,0.20717193810817072,0.16994688908259073,0.1914060628041625,0.46395576000213623,0.1692231735214591
meta-llama_Llama-3.1-8B-Instruct,May\五月_龙舟竞渡(with_John_Ruskin).txt,0.4111102289136718,0.22158792118231455,0.4235856860876083,0.8278146386146545,0.3830023780465126
meta-llama_Llama-3.1-8B-Instruct,May\五月_龙舟竞渡(with_Mama_Zola).txt,0.4818134445916204,0.13387739037473997,0.5168819218873978,0.7322960495948792,0.7158267498016357
meta-llama_Llama-3.1-8B-Instruct,May\五月_龙舟竞渡(with_Okakura_Kakuzō).txt,0.5406319978920853,0.2889864593744278,0.5432059168815613,0.9070721864700317,0.7142807692289352
meta-llama_Llama-3.1-8B-Instruct,May\五月_龙舟竞渡(with_Professor_Elena_Petrova).txt,0.41947700088734136,0.36308745046456653,0.3190228797495365,0.9846567511558533,0.5642943605780602
meta-llama_Llama-3.1-8B-Instruct,May\五月_龙舟竞渡(with_Su_Shi).txt,0.6423108148224214,0.5037560164928436,0.43752001523971557,0.9837666153907776,0.8646168559789658
meta-llama_Llama-3.1-8B-Instruct,November\十一月(basic).txt,0.6986106982564225,0.34584961210687953,0.7173306107521057,0.7677574157714844,0.856508418917656
meta-llama_Llama-3.1-8B-Instruct,November\十一月(with_Brother_Thomas).txt,0.9670418115223155,0.952293872833252,0.9693038821220398,0.9700170755386353,0.9718130528926849
meta-llama_Llama-3.1-8B-Instruct,November\十一月(with_Dr_Aris_Thorne).txt,0.8745799590559566,0.7009994586308798,0.9775829434394836,0.9793960452079773,0.8755495399236679
meta-llama_Llama-3.1-8B-Instruct,November\十一月(with_Guo_Xi).txt,0.3124628643340924,0.13652529194951057,0.3649004839360714,0.3534184396266937,0.426184818148613
meta-llama_Llama-3.1-8B-Instruct,November\十一月(with_John_Ruskin).txt,0.18625845710801728,0.09500289894640446,0.045611690171062945,0.8669255375862122,0.2760962815955281
meta-llama_Llama-3.1-8B-Instruct,November\十一月(with_Mama_Zola).txt,0.18890468559830503,0.07004976427803437,0.04756963858380914,0.9305580854415894,0.386322183534503
meta-llama_Llama-3.1-8B-Instruct,November\十一月(with_Okakura_Kakuzō).txt,0.44904685546370116,0.38899773359298706,0.2317614883184433,0.9610361456871033,0.5413943901658058
meta-llama_Llama-3.1-8B-Instruct,November\十一月(with_Professor_Elena_Petrova).txt,0.1363953972057275,0.23325967540343603,0.03180617510806769,0.7020354270935059,0.1481455024331808
meta-llama_Llama-3.1-8B-Instruct,November\十一月(with_Su_Shi).txt,0.44543610863825855,0.2438834309577942,0.3866081774234772,0.88187175989151,0.6979873925447464
meta-llama_Llama-3.1-8B-Instruct,october\十月_开冬农闲(basic).txt,0.6316711891661672,0.2946769781410694,0.6956747621297836,0.8153936266899109,0.8022779077291489
meta-llama_Llama-3.1-8B-Instruct,october\十月_开冬农闲(with_Brother_Thomas).txt,0.25067904951763065,0.07316090492531657,0.19615749106742442,0.937617838382721,0.31409005634486675
meta-llama_Llama-3.1-8B-Instruct,october\十月_开冬农闲(with_Dr_Aris_Thorne).txt,0.1596292867051328,0.10559810077150662,0.06006043050438166,0.5482791066169739,0.24865530617535114
meta-llama_Llama-3.1-8B-Instruct,october\十月_开冬农闲(with_Guo_Xi).txt,0.6108307072564083,0.11334419312576453,0.7786841303110122,0.9522677659988403,0.6577683985233307
meta-llama_Llama-3.1-8B-Instruct,october\十月_开冬农闲(with_John_Ruskin).txt,0.22135487527531736,0.0938365130374829,0.3012083888053894,0.10859765112400055,0.35799405351281166
meta-llama_Llama-3.1-8B-Instruct,october\十月_开冬农闲(with_Mama_Zola).txt,0.24519049567992196,0.18593900154034296,0.11476489510387182,0.6425345540046692,0.3755399212241173
meta-llama_Llama-3.1-8B-Instruct,october\十月_开冬农闲(with_Okakura_Kakuzō).txt,0.23125114521997817,0.21670187202592692,0.2170313559472561,0.8772332668304443,0.24819539859890938
meta-llama_Llama-3.1-8B-Instruct,october\十月_开冬农闲(with_Professor_Elena_Petrova).txt,0.6960602255866808,0.46979013582070667,0.8305527448654175,0.8821263313293457,0.7648964524269104
meta-llama_Llama-3.1-8B-Instruct,october\十月_开冬农闲(with_Su_Shi).txt,0.38643603048780384,0.24936927606662115,0.19696257784962654,0.8983445167541504,0.6481762677431107
meta-llama_Llama-3.1-8B-Instruct,September\九月(basic).txt,0.3112627712681013,0.3399636099735896,0.37405305802822114,0.3124578893184662,0.34697239845991135
meta-llama_Llama-3.1-8B-Instruct,September\九月(with_Brother_Thomas).txt,0.0701697284136625,0.04999643890187144,0.0489615629427135,0.07498198002576828,0.1420716531574726
meta-llama_Llama-3.1-8B-Instruct,September\九月(with_Dr_Aris_Thorne).txt,0.5947091202525532,0.22697978715101877,0.6904828429222107,0.9015169143676758,0.598665826022625
meta-llama_Llama-3.1-8B-Instruct,September\九月(with_Guo_Xi).txt,0.21673054335748448,0.13591164102156958,0.1455521270632744,0.5430596470832825,0.28594888374209404
meta-llama_Llama-3.1-8B-Instruct,September\九月(with_John_Ruskin).txt,0.7174021189703661,0.7439191043376923,0.5954446732997895,0.9562545418739319,0.7788375914096832
meta-llama_Llama-3.1-8B-Instruct,September\九月(with_Mama_Zola).txt,0.762041193597457,0.5998652577400208,0.7508620858192444,0.9359092116355896,0.8776500970125198
meta-llama_Llama-3.1-8B-Instruct,September\九月(with_Okakura_Kakuzō).txt,0.5773584045031491,0.44538819789886475,0.5876495748758316,0.784445583820343,0.705730102956295
meta-llama_Llama-3.1-8B-Instruct,September\九月(with_Professor_Elena_Petrova).txt,0.6203703520929112,0.35878710448741913,0.7005025744438171,0.9378995895385742,0.45401713997125626
meta-llama_Llama-3.1-8B-Instruct,September\九月(with_Su_Shi).txt,0.6419046994517831,0.705912172794342,0.6585666537284851,0.9072738885879517,0.5416334867477417
meta-llama_Llama-4-Scout-17B-16E-Instruct,April\四月(basic).txt,0.765750444987241,0.5787592530250549,0.9004542231559753,0.8854211568832397,0.8153050988912582
meta-llama_Llama-4-Scout-17B-16E-Instruct,April\四月(with_Brother_Thomas).txt,0.7153670998180613,0.6618281602859497,0.7523115992546081,0.6571720242500305,0.8096545785665512
meta-llama_Llama-4-Scout-17B-16E-Instruct,April\四月(with_Dr_Aris_Thorne).txt,0.7555868485394646,0.5859408527612686,0.8608275413513183,0.8818625211715698,0.8107242435216904
meta-llama_Llama-4-Scout-17B-16E-Instruct,April\四月(with_Guo_Xi).txt,0.9205410235068378,0.8817520141601562,0.9267239332199096,0.9587850570678711,0.9550163745880127
meta-llama_Llama-4-Scout-17B-16E-Instruct,April\四月(with_John_Ruskin).txt,0.8589517509236055,0.8252970576286316,0.8599859118461609,0.9242799282073975,0.8810722827911377
meta-llama_Llama-4-Scout-17B-16E-Instruct,April\四月(with_Mama_Zola).txt,0.9599871495190788,0.93553626537323,0.9786876440048218,0.9744965434074402,0.9782124310731888
meta-llama_Llama-4-Scout-17B-16E-Instruct,April\四月(with_Okakura_Kakuzō).txt,0.8862963984994328,0.8226591149965922,0.9110470175743103,0.845786452293396,0.904199093580246
meta-llama_Llama-4-Scout-17B-16E-Instruct,April\四月(with_Professor_Elena_Petrova).txt,0.6135034578688005,0.2518220941225688,0.6378793299198151,0.8836770057678223,0.7435947954654694
meta-llama_Llama-4-Scout-17B-16E-Instruct,April\四月(with_Su_Shi).txt,0.9699477413121391,0.9614925980567932,0.9615864992141724,0.9844798445701599,0.9778310656547546
meta-llama_Llama-4-Scout-17B-16E-Instruct,August\八月(basic).txt,0.6056847063934102,0.31973696251710254,0.7386329472064972,0.7435272932052612,0.7584823966026306
meta-llama_Llama-4-Scout-17B-16E-Instruct,August\八月(with_Brother_Thomas).txt,0.8865809388020459,0.7488892376422882,0.9002467155456543,0.9661444425582886,0.9668939113616943
meta-llama_Llama-4-Scout-17B-16E-Instruct,August\八月(with_Dr_Aris_Thorne).txt,0.7459238767623901,0.6430899401505789,0.7974667310714721,0.9681488275527954,0.809367373585701
meta-llama_Llama-4-Scout-17B-16E-Instruct,August\八月(with_Guo_Xi).txt,0.896772258421954,0.8662465214729309,0.9141308903694153,0.8929252028465271,0.9131837487220764
meta-llama_Llama-4-Scout-17B-16E-Instruct,August\八月(with_John_Ruskin).txt,0.971571659340578,0.9594928026199341,0.9780428290367127,0.984066903591156,0.9875269383192062
meta-llama_Llama-4-Scout-17B-16E-Instruct,August\八月(with_Mama_Zola).txt,0.6648010471287895,0.8232031464576721,0.7172213613986969,0.7534248232841492,0.6416616961359978
meta-llama_Llama-4-Scout-17B-16E-Instruct,August\八月(with_Okakura_Kakuzō).txt,0.967330136719872,0.9650875329971313,0.9760477542877197,0.9188886880874634,0.9869910925626755
meta-llama_Llama-4-Scout-17B-16E-Instruct,August\八月(with_Professor_Elena_Petrova).txt,0.9353183122242198,0.868039071559906,0.9376869678497315,0.9135581254959106,0.9787587821483612
meta-llama_Llama-4-Scout-17B-16E-Instruct,August\八月(with_Su_Shi).txt,0.948090672492981,0.9395068486531576,0.9494831800460816,0.9601621627807617,0.9528748244047165
meta-llama_Llama-4-Scout-17B-16E-Instruct,December\十二月(basic).txt,0.8644348593319163,0.6754315296808878,0.9459818720817565,0.8956613540649414,0.9208530634641647
meta-llama_Llama-4-Scout-17B-16E-Instruct,December\十二月(with_Brother_Thomas).txt,0.5106222804854897,0.3677419424057007,0.5192548215389252,0.8109772801399231,0.5788377821445465
meta-llama_Llama-4-Scout-17B-16E-Instruct,December\十二月(with_Dr_Aris_Thorne).txt,0.40226948874838214,0.1959801216920217,0.5466983199119568,0.5310055613517761,0.4356705881655216
meta-llama_Llama-4-Scout-17B-16E-Instruct,December\十二月(with_Guo_Xi).txt,0.5728674772031167,0.37747126817703247,0.6721255928277969,0.6884927153587341,0.6793698966503143
meta-llama_Llama-4-Scout-17B-16E-Instruct,December\十二月(with_John_Ruskin).txt,0.984449425164391,0.9776607354482015,0.9892568349838257,0.9811792373657227,0.990612119436264
meta-llama_Llama-4-Scout-17B-16E-Instruct,December\十二月(with_Mama_Zola).txt,0.6836479884736678,0.5845202207565308,0.6672963857650757,0.7765212655067444,0.7872390896081924
meta-llama_Llama-4-Scout-17B-16E-Instruct,December\十二月(with_Okakura_Kakuzō).txt,0.6733499642680673,0.5330295562744141,0.7321793675422669,0.7712872624397278,0.6991936415433884
meta-llama_Llama-4-Scout-17B-16E-Instruct,December\十二月(with_Professor_Elena_Petrova).txt,0.7954532679389504,0.6461020708084106,0.8597218751907348,0.7596741318702698,0.8781534135341644
meta-llama_Llama-4-Scout-17B-16E-Instruct,December\十二月(with_Su_Shi).txt,0.9038008872200461,0.8684976895650228,0.9266730666160583,0.9680619239807129,0.9133237302303314
meta-llama_Llama-4-Scout-17B-16E-Instruct,February\二月(basic).txt,0.3514674800064634,0.04833821703990301,0.6057489287108183,0.44085198640823364,0.358213247731328
meta-llama_Llama-4-Scout-17B-16E-Instruct,February\二月(with_Brother_Thomas).txt,0.7964083149152643,0.7161178986231486,0.868607497215271,0.8175480961799622,0.895972803235054
meta-llama_Llama-4-Scout-17B-16E-Instruct,February\二月(with_Dr_Aris_Thorne).txt,0.5425588698948131,0.515434001882871,0.5854966193437576,0.48803484439849854,0.6434088870882988
meta-llama_Llama-4-Scout-17B-16E-Instruct,February\二月(with_Guo_Xi).txt,0.7126812812160043,0.5387419064839681,0.796966952085495,0.975220263004303,0.7115452140569687
meta-llama_Llama-4-Scout-17B-16E-Instruct,February\二月(with_John_Ruskin).txt,0.98171167864519,0.9781893094380697,0.985158371925354,0.9699698090553284,0.9882263839244843
meta-llama_Llama-4-Scout-17B-16E-Instruct,February\二月(with_Mama_Zola).txt,0.5894467427450067,0.42073628306388855,0.6646238684654235,0.7170416116714478,0.6148598417639732
meta-llama_Llama-4-Scout-17B-16E-Instruct,February\二月(with_Okakura_Kakuzō).txt,0.7750192275818657,0.6362635840972265,0.7897694826126098,0.8642114996910095,0.781548947095871
meta-llama_Llama-4-Scout-17B-16E-Instruct,February\二月(with_Professor_Elena_Petrova).txt,0.7901371454491335,0.668320099512736,0.7834025800228119,0.9037620425224304,0.8150494396686554
meta-llama_Llama-4-Scout-17B-16E-Instruct,February\二月(with_Su_Shi).txt,0.9016423856510836,0.8086945017178854,0.9617396593093872,0.9816591143608093,0.9173355996608734
meta-llama_Llama-4-Scout-17B-16E-Instruct,January\一月(basic).txt,0.6165141200318056,0.3266049822171529,0.7540767788887024,0.6379138231277466,0.6935125589370728
meta-llama_Llama-4-Scout-17B-16E-Instruct,January\一月(with_Brother_Thomas).txt,0.8238966429934782,0.7503122786680857,0.8749453067779541,0.8649933338165283,0.8890615552663803
meta-llama_Llama-4-Scout-17B-16E-Instruct,January\一月(with_Dr_Aris_Thorne).txt,0.9680716290193445,0.9734910726547241,0.9826131939888001,0.9824208617210388,0.9864112585783005
meta-llama_Llama-4-Scout-17B-16E-Instruct,January\一月(with_Guo_Xi).txt,0.7895595746881822,0.8309562802314758,0.6747328221797944,0.944012463092804,0.9302980899810791
meta-llama_Llama-4-Scout-17B-16E-Instruct,January\一月(with_John_Ruskin).txt,0.6268024935441858,0.7389817734559377,0.7323592007160187,0.6279575228691101,0.5868033915758133
meta-llama_Llama-4-Scout-17B-16E-Instruct,January\一月(with_Mama_Zola).txt,0.892221187843996,0.8598466912905375,0.9277771353721619,0.7464355826377869,0.927491769194603
meta-llama_Llama-4-Scout-17B-16E-Instruct,January\一月(with_Okakura_Kakuzō).txt,0.8295478470185224,0.779904842376709,0.8455324769020081,0.9254753589630127,0.8458976298570633
meta-llama_Llama-4-Scout-17B-16E-Instruct,January\一月(with_Professor_Elena_Petrova).txt,0.756774877800661,0.7003133694330851,0.7807626366615296,0.8843722343444824,0.7547551989555359
meta-llama_Llama-4-Scout-17B-16E-Instruct,January\一月(with_Su_Shi).txt,0.7464263877447914,0.7463429172833761,0.7764609098434448,0.6716412305831909,0.7663666009902954
meta-llama_Llama-4-Scout-17B-16E-Instruct,July\七月(basic).txt,0.8879771539393593,0.8342327078183492,0.9794277787208557,0.9759442210197449,0.948138415813446
meta-llama_Llama-4-Scout-17B-16E-Instruct,July\七月(with_Brother_Thomas).txt,0.8468470029971179,0.6474109391371409,0.9204164862632751,0.9511536955833435,0.8855602294206619
meta-llama_Llama-4-Scout-17B-16E-Instruct,July\七月(with_Dr_Aris_Thorne).txt,0.9489976833848393,0.930834154287974,0.9196210741996765,0.9844152927398682,0.9758147448301315
meta-llama_Llama-4-Scout-17B-16E-Instruct,July\七月(with_Guo_Xi).txt,0.878674682448892,0.8731588125228882,0.7992283225059509,0.9524348974227905,0.9256618469953537
meta-llama_Llama-4-Scout-17B-16E-Instruct,July\七月(with_John_Ruskin).txt,0.5225239893531098,0.22470404704411825,0.7787344515323639,0.5524511933326721,0.6784816160798073
meta-llama_Llama-4-Scout-17B-16E-Instruct,July\七月(with_Mama_Zola).txt,0.80212981560651,0.795427163441976,0.7971070408821106,0.9378610253334045,0.8580157905817032
meta-llama_Llama-4-Scout-17B-16E-Instruct,July\七月(with_Okakura_Kakuzō).txt,0.6513217135387308,0.33850227544705075,0.6588890224695205,0.7896287441253662,0.8765059858560562
meta-llama_Llama-4-Scout-17B-16E-Instruct,July\七月(with_Professor_Elena_Petrova).txt,0.6679412371972028,0.634071429570516,0.725899052619934,0.8095914125442505,0.7506364434957504
meta-llama_Llama-4-Scout-17B-16E-Instruct,July\七月(with_Su_Shi).txt,0.9876956273527706,0.9864584803581238,0.9914799451828002,0.9902783036231995,0.9918918758630753
meta-llama_Llama-4-Scout-17B-16E-Instruct,June\六月(basic).txt,0.9448457710883197,0.9511920213699341,0.917370867729187,0.9761011004447937,0.9592232704162598
meta-llama_Llama-4-Scout-17B-16E-Instruct,June\六月(with_Brother_Thomas).txt,0.9376565498464248,0.9315268397331238,0.9404345512390136,0.9569002985954285,0.9586971998214722
meta-llama_Llama-4-Scout-17B-16E-Instruct,June\六月(with_Dr_Aris_Thorne).txt,0.819401444757686,0.6963727176189423,0.8267754912376404,0.8905664086341858,0.841860294342041
meta-llama_Llama-4-Scout-17B-16E-Instruct,June\六月(with_Guo_Xi).txt,0.7613700856180752,0.5612022479375204,0.8362629652023316,0.8649214506149292,0.851446807384491
meta-llama_Llama-4-Scout-17B-16E-Instruct,June\六月(with_John_Ruskin).txt,0.9677232328583213,0.9535535971323649,0.9912836670875549,0.9525948166847229,0.9917900115251541
meta-llama_Llama-4-Scout-17B-16E-Instruct,June\六月(with_Mama_Zola).txt,0.8679524204310249,0.6972245375315348,0.8496820092201233,0.9576898813247681,0.9423668831586838
meta-llama_Llama-4-Scout-17B-16E-Instruct,June\六月(with_Okakura_Kakuzō).txt,0.17001918916974,0.062440170596043267,0.23450599815696477,0.2917371690273285,0.17522384226322174
meta-llama_Llama-4-Scout-17B-16E-Instruct,June\六月(with_Professor_Elena_Petrova).txt,0.5670697005356059,0.4001804093519847,0.6371250629425049,0.5860339403152466,0.6293300837278366
meta-llama_Llama-4-Scout-17B-16E-Instruct,June\六月(with_Su_Shi).txt,0.9064355913330527,0.7668429613113403,0.9075384974479676,0.9773000478744507,0.9701239317655563
meta-llama_Llama-4-Scout-17B-16E-Instruct,March\三月(basic).txt,0.9815376120455125,0.9692064921061198,0.990690803527832,0.986274003982544,0.9933304339647293
meta-llama_Llama-4-Scout-17B-16E-Instruct,March\三月(with_Brother_Thomas).txt,0.7237867739270715,0.6704576114813486,0.7697088122367859,0.8243424296379089,0.8024641871452332
meta-llama_Llama-4-Scout-17B-16E-Instruct,March\三月(with_Dr_Aris_Thorne).txt,0.9618875314207638,0.9363245368003845,0.9786616683006286,0.9798080921173096,0.9715639352798462
meta-llama_Llama-4-Scout-17B-16E-Instruct,March\三月(with_Guo_Xi).txt,0.6669725127079907,0.5617636839548746,0.7626418888568878,0.7795209288597107,0.65083809196949
meta-llama_Llama-4-Scout-17B-16E-Instruct,March\三月(with_John_Ruskin).txt,0.9268390641492956,0.8985379934310913,0.9320852756500244,0.9450042247772217,0.9553225934505463
meta-llama_Llama-4-Scout-17B-16E-Instruct,March\三月(with_Mama_Zola).txt,0.9437569905729855,0.9249035120010376,0.9644586682319641,0.952017068862915,0.9697245955467224
meta-llama_Llama-4-Scout-17B-16E-Instruct,March\三月(with_Okakura_Kakuzō).txt,0.9125591306125417,0.842047929763794,0.9197458505630494,0.9376881718635559,0.9705737382173538
meta-llama_Llama-4-Scout-17B-16E-Instruct,March\三月(with_Professor_Elena_Petrova).txt,0.9591751624556148,0.9411164919535319,0.9751931309700013,0.9789832830429077,0.973466232419014
meta-llama_Llama-4-Scout-17B-16E-Instruct,March\三月(with_Su_Shi).txt,0.6901062656851376,0.5941458245118459,0.7380249261856079,0.5335578918457031,0.7902076989412308
meta-llama_Llama-4-Scout-17B-16E-Instruct,May\五月(basic).txt,0.950532993849586,0.914048989613851,0.9898585557937623,0.9686846733093262,0.9598427414894104
meta-llama_Llama-4-Scout-17B-16E-Instruct,May\五月(with_Brother_Thomas).txt,0.8282951432115891,0.85177610317866,0.8556897044181824,0.9386246204376221,0.8420850038528442
meta-llama_Llama-4-Scout-17B-16E-Instruct,May\五月(with_Dr_Aris_Thorne).txt,0.4812836374210961,0.3583147681007783,0.5546567745506763,0.9389460682868958,0.4463304430246353
meta-llama_Llama-4-Scout-17B-16E-Instruct,May\五月(with_Guo_Xi).txt,0.7730899935259539,0.5319761534531912,0.9046435713768005,0.9232504367828369,0.8962053060531616
meta-llama_Llama-4-Scout-17B-16E-Instruct,May\五月(with_John_Ruskin).txt,0.9524310511701247,0.9520629644393921,0.9593037605285645,0.9490674138069153,0.9548938274383545
meta-llama_Llama-4-Scout-17B-16E-Instruct,May\五月(with_Mama_Zola).txt,0.8957811313516953,0.8363181153933207,0.9108191013336182,0.9818833470344543,0.9710126966238022
meta-llama_Llama-4-Scout-17B-16E-Instruct,May\五月(with_Okakura_Kakuzō).txt,0.8409074895522174,0.7661336064338684,0.8119886040687561,0.9274742603302002,0.9322873055934906
meta-llama_Llama-4-Scout-17B-16E-Instruct,May\五月(with_Professor_Elena_Petrova).txt,0.2764471167123274,0.3568550387086968,0.32984148398973046,0.5959126353263855,0.2566718431189656
meta-llama_Llama-4-Scout-17B-16E-Instruct,May\五月(with_Su_Shi).txt,0.7288589911425815,0.48173606395721436,0.7321303769946098,0.9047542810440063,0.8314610123634338
meta-llama_Llama-4-Scout-17B-16E-Instruct,November\十一月(basic).txt,0.9865118089844199,0.9813003142674764,0.9885982513427735,0.9777693152427673,0.9923204034566879
meta-llama_Llama-4-Scout-17B-16E-Instruct,November\十一月(with_Brother_Thomas).txt,0.6096504264894653,0.24666387091080347,0.8942535042762756,0.6643468141555786,0.6957269608974457
meta-llama_Llama-4-Scout-17B-16E-Instruct,November\十一月(with_Dr_Aris_Thorne).txt,0.3457542180138476,0.04123094336440166,0.39889749642461536,0.659351646900177,0.48325176909565926
meta-llama_Llama-4-Scout-17B-16E-Instruct,November\十一月(with_Guo_Xi).txt,0.49147529286496777,0.4732937316099803,0.5389040827751159,0.5298614501953125,0.49090544134378433
meta-llama_Llama-4-Scout-17B-16E-Instruct,November\十一月(with_John_Ruskin).txt,0.8413166859570671,0.7408943970998129,0.9266431570053101,0.7842256426811218,0.8983474373817444
meta-llama_Llama-4-Scout-17B-16E-Instruct,November\十一月(with_Mama_Zola).txt,0.9538821192348704,0.9332137902577718,0.9590235590934754,0.9077765941619873,0.9641829580068588
meta-llama_Llama-4-Scout-17B-16E-Instruct,November\十一月(with_Okakura_Kakuzō).txt,0.7647520018851056,0.5799299081166586,0.9462738275527954,0.915224552154541,0.8339744806289673
meta-llama_Llama-4-Scout-17B-16E-Instruct,November\十一月(with_Professor_Elena_Petrova).txt,0.9879006252569311,0.9799944361050924,0.9903939962387085,0.989783763885498,0.9915037304162979
meta-llama_Llama-4-Scout-17B-16E-Instruct,November\十一月(with_Su_Shi).txt,0.5973689810318106,0.4732036491235097,0.595974224805832,0.6488465070724487,0.7217718213796616
meta-llama_Llama-4-Scout-17B-16E-Instruct,october\十月(basic).txt,0.9196125829921049,0.831666111946106,0.9196285128593444,0.9582293629646301,0.9624463766813278
meta-llama_Llama-4-Scout-17B-16E-Instruct,october\十月(with_Brother_Thomas).txt,0.9385201860876644,0.8773433963457743,0.9652667880058289,0.9695472121238708,0.9705317467451096
meta-llama_Llama-4-Scout-17B-16E-Instruct,october\十月(with_Dr_Aris_Thorne).txt,0.842669311691733,0.778767724831899,0.9001717567443848,0.9403618574142456,0.8520949333906174
meta-llama_Llama-4-Scout-17B-16E-Instruct,october\十月(with_Guo_Xi).txt,0.8327352632494534,0.7996591329574585,0.8633393287658692,0.9900352358818054,0.8732807785272598
meta-llama_Llama-4-Scout-17B-16E-Instruct,october\十月(with_John_Ruskin).txt,0.911742066635805,0.842491070429484,0.9409287333488464,0.8717437982559204,0.9496590048074722
meta-llama_Llama-4-Scout-17B-16E-Instruct,october\十月(with_Mama_Zola).txt,0.9534220064387602,0.9142583211263021,0.9619210243225098,0.9776424765586853,0.9740765690803528
meta-llama_Llama-4-Scout-17B-16E-Instruct,october\十月(with_Okakura_Kakuzō).txt,0.9370781463735244,0.8888271053632101,0.9651431560516357,0.9284815788269043,0.9655279964208603
meta-llama_Llama-4-Scout-17B-16E-Instruct,october\十月(with_Professor_Elena_Petrova).txt,0.14569487055654035,0.08862898933390777,0.14242841824889182,0.4240857660770416,0.13607245683670044
meta-llama_Llama-4-Scout-17B-16E-Instruct,october\十月(with_Su_Shi).txt,0.9744881111032823,0.9585055311520895,0.984240996837616,0.9769991636276245,0.9832643419504166
meta-llama_Llama-4-Scout-17B-16E-Instruct,September\九月(basic).txt,0.8268481317688438,0.7227687239646912,0.847684359550476,0.9257059097290039,0.92174431681633
meta-llama_Llama-4-Scout-17B-16E-Instruct,September\九月(with_Brother_Thomas).txt,0.8662695499027476,0.7658993403116862,0.8752971053123474,0.9368835091590881,0.9111555814743042
meta-llama_Llama-4-Scout-17B-16E-Instruct,September\九月(with_Dr_Aris_Thorne).txt,0.7270801788305535,0.602468858162562,0.7674054682254792,0.8652799725532532,0.8455044627189636
meta-llama_Llama-4-Scout-17B-16E-Instruct,September\九月(with_Guo_Xi).txt,0.9081535444540136,0.8728802800178528,0.921428894996643,0.9204190969467163,0.9220151603221893
meta-llama_Llama-4-Scout-17B-16E-Instruct,September\九月(with_John_Ruskin).txt,0.6786195657709065,0.47197384883960086,0.7964846730232239,0.7404818534851074,0.7231288999319077
meta-llama_Llama-4-Scout-17B-16E-Instruct,September\九月(with_Mama_Zola).txt,0.8188619087724125,0.7049033840497335,0.757115614414215,0.9588682055473328,0.8775533139705658
meta-llama_Llama-4-Scout-17B-16E-Instruct,September\九月(with_Okakura_Kakuzō).txt,0.7141051274888656,0.7227007150650024,0.7672159403562546,0.9053781032562256,0.6686891540884972
meta-llama_Llama-4-Scout-17B-16E-Instruct,September\九月(with_Professor_Elena_Petrova).txt,0.6891369346310111,0.5965993603070577,0.7282316029071808,0.8277108669281006,0.6501875221729279
meta-llama_Llama-4-Scout-17B-16E-Instruct,September\九月(with_Su_Shi).txt,0.35288212683928366,0.15096356067806482,0.34725952297449114,0.6157498955726624,0.45622970536351204
Qwen-2.5-VL-7B,April\四月(basic).txt,0.6280649199205286,0.35053595900535583,0.8925453543663024,0.9383023381233215,0.5484463721513748
Qwen-2.5-VL-7B,April\四月(with_Brother_Thomas).txt,0.9297949706806856,0.8629042307535807,0.9587825655937194,0.9606451988220215,0.9476365596055984
Qwen-2.5-VL-7B,April\四月(with_Dr_Aris_Thorne).txt,0.7498327739098493,0.6517364382743835,0.8075513005256653,0.8212947249412537,0.828191876411438
Qwen-2.5-VL-7B,April\四月(with_Guo_Xi).txt,0.6073498365414494,0.3828659945478042,0.7174395322799683,0.7324137687683105,0.5004508830606937
Qwen-2.5-VL-7B,April\四月(with_John_Ruskin).txt,0.7455714467693778,0.6198300321896871,0.8284057259559632,0.7879540324211121,0.7342984825372696
Qwen-2.5-VL-7B,April\四月(with_Mama_Zola).txt,0.9885173475041109,0.9858145713806152,0.9895318746566772,0.9816457033157349,0.9903538674116135
Qwen-2.5-VL-7B,April\四月(with_Okakura_Kakuzō).txt,0.38236181679017406,0.12835260356465975,0.620994234085083,0.37565332651138306,0.3105803281068802
Qwen-2.5-VL-7B,April\四月(with_Professor_Elena_Petrova).txt,0.6562935061314527,0.44698651631673175,0.8153223097324371,0.7879160642623901,0.7054625451564789
Qwen-2.5-VL-7B,April\四月(with_Su_Shi).txt,0.9863359332084656,0.9741418560345968,0.9911829352378845,0.9875713586807251,0.9886268973350525
Qwen-2.5-VL-7B,August\八月(basic).txt,0.8619059271672193,0.6456256012121836,0.9281333208084106,0.9818739295005798,0.909156545996666
Qwen-2.5-VL-7B,August\八月(with_Brother_Thomas).txt,0.9139734366360832,0.9025944073994955,0.9026755928993225,0.9059118032455444,0.9448553770780563
Qwen-2.5-VL-7B,August\八月(with_Dr_Aris_Thorne).txt,0.791213391458287,0.7615679502487183,0.8584693670272827,0.8728489279747009,0.8604613095521927
Qwen-2.5-VL-7B,August\八月(with_Guo_Xi).txt,0.9478351088131175,0.9118344386418661,0.9772704482078552,0.9145839214324951,0.9629781991243362
Qwen-2.5-VL-7B,August\八月(with_John_Ruskin).txt,0.9144720505265629,0.7531148791313171,0.9781574964523315,0.9895849227905273,0.9179006963968277
Qwen-2.5-VL-7B,August\八月(with_Mama_Zola).txt,0.9305430615649504,0.8761365612347921,0.937314796447754,0.9865613579750061,0.950749397277832
Qwen-2.5-VL-7B,August\八月(with_Okakura_Kakuzō).txt,0.7364306484951693,0.3874635398387909,0.8652670383453369,0.838452935218811,0.7539799809455872
Qwen-2.5-VL-7B,August\八月(with_Professor_Elena_Petrova).txt,0.9668416486066931,0.9463133414586385,0.9795646667480469,0.9606411457061768,0.9740823358297348
Qwen-2.5-VL-7B,August\八月(with_Su_Shi).txt,0.9844393169178682,0.9736079970995585,0.9851944088935852,0.98688805103302,0.992762565612793
Qwen-2.5-VL-7B,December\十二月(basic).txt,0.38405499306014357,0.04181303052852551,0.5845959918573499,0.8362978100776672,0.2172193715814501
Qwen-2.5-VL-7B,December\十二月(with_Brother_Thomas).txt,0.5628267728230533,0.3025544633467992,0.7739254355430603,0.6892998218536377,0.4405132383108139
Qwen-2.5-VL-7B,December\十二月(with_Dr_Aris_Thorne).txt,0.8228188788189608,0.619599183400472,0.9101037859916687,0.9653666019439697,0.8597387820482254
Qwen-2.5-VL-7B,December\十二月(with_Guo_Xi).txt,0.8661047676030327,0.8420021732648214,0.8911320567131042,0.8885446786880493,0.9014284610748291
Qwen-2.5-VL-7B,December\十二月(with_John_Ruskin).txt,0.8241217206506168,0.8156546751658121,0.8422405481338501,0.8128355145454407,0.8355323374271393
Qwen-2.5-VL-7B,December\十二月(with_Mama_Zola).txt,0.9908451508073246,0.9871352910995483,0.9929138660430908,0.9952406287193298,0.9933910816907883
Qwen-2.5-VL-7B,December\十二月(with_Okakura_Kakuzō).txt,0.8185075135792003,0.6204469402631124,0.808851671218872,0.872117817401886,0.9265636950731277
Qwen-2.5-VL-7B,December\十二月(with_Professor_Elena_Petrova).txt,0.598305335816215,0.44878045717875165,0.7955289840698242,0.48226508498191833,0.5554571598768234
Qwen-2.5-VL-7B,December\十二月(with_Su_Shi).txt,0.9021875472629771,0.8823570013046265,0.9228126645088196,0.939470648765564,0.940502941608429
Qwen-2.5-VL-7B,February\二月(basic).txt,0.6280649199205286,0.35053595900535583,0.8925453543663024,0.9383023381233215,0.5484463721513748
Qwen-2.5-VL-7B,February\二月(with_Brother_Thomas).txt,0.9297949706806856,0.8629042307535807,0.9587825655937194,0.9606451988220215,0.9476365596055984
Qwen-2.5-VL-7B,February\二月(with_Dr._Aris_Thorne).txt,0.7498327739098493,0.6517364382743835,0.8075513005256653,0.8212947249412537,0.828191876411438
Qwen-2.5-VL-7B,February\二月(with_Guo_Xi).txt,0.6073498365414494,0.3828659945478042,0.7174395322799683,0.7324137687683105,0.5004508830606937
Qwen-2.5-VL-7B,February\二月(with_John_Ruskin).txt,0.7455714467693778,0.6198300321896871,0.8284057259559632,0.7879540324211121,0.7342984825372696
Qwen-2.5-VL-7B,February\二月(with_Mama_Zola).txt,0.9885173475041109,0.9858145713806152,0.9895318746566772,0.9816457033157349,0.9903538674116135
Qwen-2.5-VL-7B,February\二月(with_Okakura_Kakuzō).txt,0.38236181679017406,0.12835260356465975,0.620994234085083,0.37565332651138306,0.3105803281068802
Qwen-2.5-VL-7B,February\二月(with_Professor_Elena_Petrova).txt,0.6562935061314527,0.44698651631673175,0.8153223097324371,0.7879160642623901,0.7054625451564789
Qwen-2.5-VL-7B,February\二月(with_Su_Shi).txt,0.9863359332084656,0.9741418560345968,0.9911829352378845,0.9875713586807251,0.9886268973350525
Qwen-2.5-VL-7B,January\一月(basic).txt,0.2336908995776492,0.03037947788834572,0.4231467336416245,0.4616061747074127,0.08342719217762351
Qwen-2.5-VL-7B,January\一月(with_Brother_Thomas).txt,0.6352049936266506,0.2912585437297821,0.8594645857810974,0.7235447764396667,0.6092594340443611
Qwen-2.5-VL-7B,January\一月(with_Dr._Aris_Thorne).txt,0.7778522828046013,0.6558635830879211,0.8251852631568909,0.734169602394104,0.794510692358017
Qwen-2.5-VL-7B,January\一月(with_Guo_Xi).txt,0.9204854509409737,0.891039510567983,0.9654503226280212,0.8560813665390015,0.9308255910873413
Qwen-2.5-VL-7B,January\一月(with_John_Ruskin).txt,0.8663499670870164,0.8072622617085775,0.9128783464431762,0.9159314036369324,0.8957454711198807
Qwen-2.5-VL-7B,January\一月(with_Mama_Zola).txt,0.9520552579094382,0.9451884826024374,0.9489876985549927,0.958040714263916,0.9595251977443695
Qwen-2.5-VL-7B,January\一月(with_Okakura_Kakuzō).txt,0.7318496774224674,0.5936345756053925,0.7820714354515076,0.783532977104187,0.8064370900392532
Qwen-2.5-VL-7B,January\一月(with_Professor_Elena_Petrova).txt,0.9240547032917247,0.8419141372044882,0.953339159488678,0.9535051584243774,0.9384409785270691
Qwen-2.5-VL-7B,January\一月(with_Su_Shi).txt,0.5495543243253932,0.29446593423684436,0.8000563621520996,0.5827919840812683,0.539159469306469
Qwen-2.5-VL-7B,July\七月(basic).txt,0.43105587708380294,0.059137857829531036,0.6683860085904598,0.7317137718200684,0.3196023441851139
Qwen-2.5-VL-7B,July\七月(with_Brother_Thomas).txt,0.8804055452346802,0.7506276567776998,0.8169121146202087,0.9928815364837646,0.954187273979187
Qwen-2.5-VL-7B,July\七月(with_Dr_Aris_Thorne).txt,0.723629940958584,0.6924795707066854,0.6983995318412781,0.8597587943077087,0.8180023282766342
Qwen-2.5-VL-7B,July\七月(with_Guo_Xi).txt,0.8911251565989327,0.8416062196095785,0.9384302735328675,0.851686954498291,0.8963298946619034
Qwen-2.5-VL-7B,July\七月(with_John_Ruskin).txt,0.7269463574185091,0.6839423974355062,0.7700794339179993,0.9469722509384155,0.7418943792581558
Qwen-2.5-VL-7B,July\七月(with_Mama_Zola).txt,0.8693501528571633,0.8176175951957703,0.9437160491943359,0.8820609450340271,0.8798916190862656
Qwen-2.5-VL-7B,July\七月(with_Okakura_Kakuzō).txt,0.8963224011309007,0.8340596159299215,0.8985940217971802,0.9589702486991882,0.9319590628147125
Qwen-2.5-VL-7B,July\七月(with_Professor_Elena_Petrova).txt,0.8960683205548454,0.8611872593561808,0.8937060356140136,0.9504215121269226,0.9443317502737045
Qwen-2.5-VL-7B,July\七月(with_Su_Shi).txt,0.8187518750920015,0.7105120619138082,0.8791791796684265,0.8379109501838684,0.8470868617296219
Qwen-2.5-VL-7B,June\六月(basic).txt,0.9545008119414834,0.8379327654838562,0.9749035954475402,0.9842223525047302,0.9822618961334229
Qwen-2.5-VL-7B,June\六月(with_Brother_Thomas).txt,0.9183392314349904,0.8914168874422709,0.955184257030487,0.9186217188835144,0.9459045678377151
Qwen-2.5-VL-7B,June\六月(with_Dr_Aris_Thorne).txt,0.8611682407996234,0.7672973076502482,0.9534428000450135,0.9249281883239746,0.9293134063482285
Qwen-2.5-VL-7B,June\六月(with_Guo_Xi).txt,0.44962624066016255,0.18710841238498688,0.6479977428913116,0.47137147188186646,0.49173369258642197
Qwen-2.5-VL-7B,June\六月(with_John_Ruskin).txt,0.9833973260486827,0.9809715350468954,0.9869940161705018,0.9712461829185486,0.9864364415407181
Qwen-2.5-VL-7B,June\六月(with_Mama_Zola).txt,0.9601802580496844,0.927534023920695,0.9702450275421143,0.9498304724693298,0.9714279472827911
Qwen-2.5-VL-7B,June\六月(with_Okakura_Kakuzō).txt,0.8850778726970449,0.7799058357874552,0.9573880076408386,0.9091775417327881,0.9410364180803299
Qwen-2.5-VL-7B,June\六月(with_Professor_Elena_Petrova).txt,0.7629654302316553,0.6425003806749979,0.8388041019439697,0.8936688303947449,0.7517039030790329
Qwen-2.5-VL-7B,June\六月(with_Su_Shi).txt,0.9274170363650602,0.8876398801803589,0.9758400559425354,0.9799705147743225,0.956371933221817
Qwen-2.5-VL-7B,March\三月(basic).txt,0.33330275601816967,0.10059096105396748,0.5991761129815132,0.8882230520248413,0.08284757751971483
Qwen-2.5-VL-7B,March\三月(with_Brother_Thomas).txt,0.632336088182295,0.41774675870935124,0.7542308449745179,0.486641526222229,0.6829154789447784
Qwen-2.5-VL-7B,March\三月(with_Dr_Aris_Thorne).txt,0.8825586858917686,0.684099813302358,0.9618335604667664,0.9711136221885681,0.8945224434137344
Qwen-2.5-VL-7B,March\三月(with_Guo_Xi).txt,0.8398313978139091,0.7506388425827026,0.9030324816703796,0.7649000287055969,0.8553957343101501
Qwen-2.5-VL-7B,March\三月(with_John_Ruskin).txt,0.6831484629827387,0.35014298061529797,0.8413523495197296,0.9513413906097412,0.720485009253025
Qwen-2.5-VL-7B,March\三月(with_Mama_Zola).txt,0.8745715653195101,0.7969802419344584,0.9642695784568787,0.8868188261985779,0.9083151519298553
Qwen-2.5-VL-7B,March\三月(with_Okakura_Kakuzō).txt,0.7835354875115788,0.5291452407836914,0.8822660565376281,0.8444873094558716,0.782085731625557
Qwen-2.5-VL-7B,March\三月(with_Professor_Elena_Petrova).txt,0.7726636266007143,0.6281957825024923,0.9063539862632751,0.8277149200439453,0.8219797015190125
Qwen-2.5-VL-7B,March\三月(with_Su_Shi).txt,0.7247490006334641,0.5421949028968811,0.79214848279953,0.7012589573860168,0.7827102988958359
Qwen-2.5-VL-7B,May\五月(basic).txt,0.32123276569387493,0.05789311230182648,0.6230598927475512,0.7974143028259277,0.03598384326323867
Qwen-2.5-VL-7B,May\五月(with_Brother_Thomas).txt,0.8563235822845908,0.805577278137207,0.8799803733825684,0.917611837387085,0.9019569903612137
Qwen-2.5-VL-7B,May\五月(with_Dr_Aris_Thorne).txt,0.9676761206458596,0.9630766908327738,0.9737247228622437,0.94521564245224,0.9818929433822632
Qwen-2.5-VL-7B,May\五月(with_Guo_Xi).txt,0.9820111148497638,0.9809515674908956,0.9807888269424438,0.9828484654426575,0.9840376079082489
Qwen-2.5-VL-7B,May\五月(with_John_Ruskin).txt,0.9695730034042808,0.9580092032750448,0.9771466255187988,0.9758347868919373,0.9775757938623428
Qwen-2.5-VL-7B,May\五月(with_Mama_Zola).txt,0.9188147993648753,0.9069394866625468,0.9310250759124756,0.9762486219406128,0.9470641314983368
Qwen-2.5-VL-7B,May\五月(with_Okakura_Kakuzō).txt,0.6647642009398517,0.42691544195016223,0.7853996276855468,0.7890104055404663,0.7197307646274567
Qwen-2.5-VL-7B,May\五月(with_Professor_Elena_Petrova).txt,0.9067134050761952,0.9063827594121298,0.9146145582199097,0.9731577634811401,0.9231625646352768
Qwen-2.5-VL-7B,May\五月(with_Su_Shi).txt,0.9809326319133534,0.9654795130093893,0.9806947827339172,0.990877091884613,0.9873232841491699
Qwen-2.5-VL-7B,November\十一月(basic).txt,0.2336908995776492,0.03037947788834572,0.4231467336416245,0.4616061747074127,0.08342719217762351
Qwen-2.5-VL-7B,November\十一月(with_Brother_Thomas).txt,0.6352049936266506,0.2912585437297821,0.8594645857810974,0.7235447764396667,0.6092594340443611
Qwen-2.5-VL-7B,November\十一月(with_Dr_Aris_Thorne).txt,0.7778522828046013,0.6558635830879211,0.8251852631568909,0.734169602394104,0.794510692358017
Qwen-2.5-VL-7B,November\十一月(with_Guo_Xi).txt,0.9204854509409737,0.891039510567983,0.9654503226280212,0.8560813665390015,0.9308255910873413
Qwen-2.5-VL-7B,November\十一月(with_John_Ruskin).txt,0.8663499670870164,0.8072622617085775,0.9128783464431762,0.9159314036369324,0.8957454711198807
Qwen-2.5-VL-7B,November\十一月(with_Mama_Zola).txt,0.9520552579094382,0.9451884826024374,0.9489876985549927,0.958040714263916,0.9595251977443695
Qwen-2.5-VL-7B,November\十一月(with_Okakura_Kakuzō).txt,0.7318496774224674,0.5936345756053925,0.7820714354515076,0.783532977104187,0.8064370900392532
Qwen-2.5-VL-7B,November\十一月(with_Professor_Elena_Petrova).txt,0.9240547032917247,0.8419141372044882,0.953339159488678,0.9535051584243774,0.9384409785270691
Qwen-2.5-VL-7B,November\十一月(with_Su_Shi).txt,0.5495543243253932,0.29446593423684436,0.8000563621520996,0.5827919840812683,0.539159469306469
Qwen-2.5-VL-7B,october\十月(basic).txt,0.7001014299252454,0.4063368837038676,0.8519306778907776,0.7793936133384705,0.7277363836765289
Qwen-2.5-VL-7B,october\十月(with_Brother_Thomas).txt,0.8621417774873621,0.8730320930480957,0.8401790618896484,0.9128138422966003,0.9254658669233322
Qwen-2.5-VL-7B,october\十月(with_Dr_Aris_Thorne).txt,0.9139382856733659,0.8937541246414185,0.9456318140029907,0.957778811454773,0.9515506476163864
Qwen-2.5-VL-7B,october\十月(with_Guo_Xi).txt,0.26109075748964267,0.08066542601833741,0.3161317266523838,0.1600503921508789,0.23869667202234268
Qwen-2.5-VL-7B,october\十月(with_John_Ruskin).txt,0.8301190383294049,0.8396419485410055,0.8571266770362854,0.8863351941108704,0.8416506946086884
Qwen-2.5-VL-7B,october\十月(with_Mama_Zola).txt,0.9366891910048092,0.8606083790461222,0.9910619735717774,0.9695202708244324,0.9716140478849411
Qwen-2.5-VL-7B,october\十月(with_Okakura_Kakuzō).txt,0.9527778169688057,0.9437180757522583,0.9546736240386963,0.9854549169540405,0.9749429672956467
Qwen-2.5-VL-7B,october\十月(with_Professor_Elena_Petrova).txt,0.4587805465082912,0.10697012891372044,0.7008880198001861,0.6493561863899231,0.5726599544286728
Qwen-2.5-VL-7B,october\十月(with_Su_Shi).txt,0.626894301680081,0.25341506736973923,0.7303144231438636,0.6886993050575256,0.7297929860651493
Qwen-2.5-VL-7B,September\九月(basic).txt,0.9670893725226907,0.9463834365208944,0.9625986099243165,0.990886926651001,0.9817328751087189
Qwen-2.5-VL-7B,September\九月(with_Brother_Thomas).txt,0.9223060958525714,0.8177151282628378,0.9579879641532898,0.9626807570457458,0.9459971338510513
Qwen-2.5-VL-7B,September\九月(with_Dr_Aris_Thorne).txt,0.7670496667132658,0.4416309595108032,0.9518959403038025,0.8528862595558167,0.7885777801275253
Qwen-2.5-VL-7B,September\九月(with_Guo_Xi).txt,0.9485390186309814,0.8799876173337301,0.9658611178398132,0.9790060520172119,0.9713158309459686
Qwen-2.5-VL-7B,September\九月(with_John_Ruskin).txt,0.7325728903798496,0.5131711065769196,0.786371111869812,0.9003621339797974,0.759336844086647
Qwen-2.5-VL-7B,September\九月(with_Mama_Zola).txt,0.8277831419425852,0.7975981036822001,0.7230115860700608,0.9442710280418396,0.8666645586490631
Qwen-2.5-VL-7B,September\九月(with_Okakura_Kakuzō).txt,0.7215989161940182,0.5054385264714559,0.868127417564392,0.9205082058906555,0.7328324317932129
Qwen-2.5-VL-7B,September\九月(with_Professor_Elena_Petrova).txt,0.3919926535557298,0.2717505643765132,0.6124615520238876,0.7951380610466003,0.3121440727263689
Qwen-2.5-VL-7B,September\九月(with_Su_Shi).txt,0.9610752813956317,0.9413579106330872,0.9687441468238831,0.9787343144416809,0.9720176458358765
