file_id,author_display_name,source_type,primary_profile_or_status,kmeans_cluster,tsne_x,tsne_y,umap_x,umap_y,stance_score,Comprehensive Analyst_score,Historically Focused_score,Technique & Style Focused_score,Theory & Comparison Focused_score,General Descriptive Profile_score
乔迅（Jonathan Hay）_清初中国的绘画与现代性\1.1_石涛画像.txt,乔迅 (Jonathan Hay),human_expert,Historically Focused,1,-1.0053083,10.645726,-2.1698956,8.915455,0.6117416620254517,0.513768990779971,0.8405991494655609,0.504228095315835,0.0,0.6929684267404245
乔迅（Jonathan Hay）_清初中国的绘画与现代性\1.2_1700年左右的扬州.txt,乔迅 (Jonathan Hay),human_expert,Lacks_Specific_Focus,3,-0.4867902,-13.511104,6.1987605,8.957324,0.1630236804485321,0.0,0.0,0.0,0.0,0.03954395265312227
乔迅（Jonathan Hay）_清初中国的绘画与现代性\1.3_江南的绘画与现代性.txt,乔迅 (Jonathan Hay),human_expert,Historically Focused,1,0.18744388,9.753661,-2.0230718,8.557915,0.7542005777359009,0.5262988324348743,0.9125185708204906,0.47964073136156676,0.0,0.7790037725061019
乔迅（Jonathan Hay）_清初中国的绘画与现代性\1.4_现代性地理志.txt,乔迅 (Jonathan Hay),human_expert,General Descriptive Profile,4,-7.6035676,-1.348143,0.4072325,7.434822,0.8802211284637451,0.0,0.1129446029663086,0.12496236738036659,0.0,0.6637553787406753
乔迅（Jonathan Hay）_清初中国的绘画与现代性\10.1_画家的欲望.txt,乔迅 (Jonathan Hay),human_expert,General Descriptive Profile,0,-5.781741,-7.1900067,3.9310102,8.672409,0.473011314868927,0.0,0.0,0.22494943794958727,0.0,0.39753666068775884
乔迅（Jonathan Hay）_清初中国的绘画与现代性\10.2_属于自己的时刻.txt,乔迅 (Jonathan Hay),human_expert,Historically Focused,5,-0.43351668,4.0292025,-0.031002816,8.521883,0.3715243339538574,0.0,0.5077262885040708,0.38602385110422666,0.0,0.4187356500243917
乔迅（Jonathan Hay）_清初中国的绘画与现代性\10.3_大限.txt,乔迅 (Jonathan Hay),human_expert,Historically Focused,1,2.3396409,9.42842,-2.0128014,7.8112426,0.2500731348991394,0.5046081508581455,0.7960383792718251,0.42877322730480455,0.4148706793785095,0.3642473854124546
乔迅（Jonathan Hay）_清初中国的绘画与现代性\2.1_山水中的人物.txt,乔迅 (Jonathan Hay),human_expert,Historically Focused,4,2.8501213,5.517973,-0.39183655,7.45574,0.7208245396614075,0.0,0.7183232977986336,0.37082027939020423,0.4278496305147807,0.6537565446911968
乔迅（Jonathan Hay）_清初中国的绘画与现代性\2.2_自传式的指涉.txt,乔迅 (Jonathan Hay),human_expert,Historically Focused,5,-3.6814108,3.6868427,0.2483061,9.538076,0.6475233435630798,0.3184362202882767,0.8175810451308887,0.1385728520615136,0.0,0.6140281540306812
乔迅（Jonathan Hay）_清初中国的绘画与现代性\2.3_休闲及其寂静.txt,乔迅 (Jonathan Hay),human_expert,General Descriptive Profile,4,2.8081386,4.355099,0.021607647,7.475921,0.6848286986351013,0.0,0.33249982529216343,0.17710082445512798,0.43295182784398395,0.5980638113211502
乔迅（Jonathan Hay）_清初中国的绘画与现代性\2.4_朝代转换之间的野逸.txt,乔迅 (Jonathan Hay),human_expert,General Descriptive Profile,4,3.995916,5.3770947,-0.30402732,7.4723873,0.6178016066551208,0.0,0.2594625949859619,0.3197192408655788,0.32539031902949017,0.5427843152027438
乔迅（Jonathan Hay）_清初中国的绘画与现代性\2.5_模棱两可的士人.txt,乔迅 (Jonathan Hay),human_expert,Historically Focused,1,1.6633161,10.0713825,-2.1497376,8.286244,0.5261036157608032,0.6055682912850991,0.9189999202887218,0.48080791272953444,0.4400481979052226,0.6571083146740089
乔迅（Jonathan Hay）_清初中国的绘画与现代性\2.6_文人生活的场景营造.txt,乔迅 (Jonathan Hay),human_expert,General Descriptive Profile,5,-0.013563864,2.6437051,0.22417295,8.599972,0.8935732841491699,0.0,0.3618125915527344,0.263869823274367,0.0,0.7436728759203106
乔迅（Jonathan Hay）_清初中国的绘画与现代性\3.1_感时论世的对话空间.txt,乔迅 (Jonathan Hay),human_expert,Historically Focused,4,-7.6236963,-1.3301483,0.4827611,7.5497446,0.4154008626937866,0.0,0.5956939061482747,0.07790431324392556,0.23602779706319174,0.41484322072938085
乔迅（Jonathan Hay）_清初中国的绘画与现代性\3.2_费氏先莹.txt,乔迅 (Jonathan Hay),human_expert,Historically Focused,5,-2.160755,2.446919,0.72085696,9.328611,0.2732125520706177,0.20078882575035095,0.518413308593962,0.34839815678549746,0.0,0.3378386726194525
乔迅（Jonathan Hay）_清初中国的绘画与现代性\3.3_黄又的游旅.txt,乔迅 (Jonathan Hay),human_expert,Historically Focused,4,3.371488,6.918119,-0.72398347,7.581466,0.2711260020732879,0.4517934551605811,0.5698085526625316,0.37103755614336803,0.44954673449198407,0.4315914523708111
乔迅（Jonathan Hay）_清初中国的绘画与现代性\3.4_1705年的洪水.txt,乔迅 (Jonathan Hay),human_expert,Lacks_Specific_Focus,3,-2.351339,-13.801701,6.869883,9.123886,0.2633768320083618,0.0,0.0,0.0,0.0,0.06669225412256578
乔迅（Jonathan Hay）_清初中国的绘画与现代性\4.1_追溯石涛早年至1692年的人生历程.txt,乔迅 (Jonathan Hay),human_expert,Lacks_Specific_Focus,3,-3.0098553,-14.831006,7.3433323,8.821707,0.1681073755025863,0.0,0.0,0.0,0.0,0.010651397354462539
乔迅（Jonathan Hay）_清初中国的绘画与现代性\4.2_从清湘到宣城.txt,乔迅 (Jonathan Hay),human_expert,Lacks_Specific_Focus,3,-3.1609693,-11.542935,5.957173,9.21213,0.2140120416879654,0.0,0.0,0.0,0.0,0.05727563178126904
乔迅（Jonathan Hay）_清初中国的绘画与现代性\4.3_从宣城到北京.txt,乔迅 (Jonathan Hay),human_expert,Historically Focused,1,-4.2899427,6.307655,-0.79654366,9.38792,0.2070237696170807,0.26292409747838974,0.7711697891354561,0.24736149887389997,0.0,0.3696001631252586
乔迅（Jonathan Hay）_清初中国的绘画与现代性\4.4_自传式的艺术形态.txt,乔迅 (Jonathan Hay),human_expert,Historically Focused,5,-2.4312265,7.6153016,-1.2352023,9.095247,0.3980887830257416,0.3847163626989285,0.6166326039367251,0.442883839604317,0.0,0.5079992800941042
乔迅（Jonathan Hay）_清初中国的绘画与现代性\5.1_扬州及邻近区域.txt,乔迅 (Jonathan Hay),human_expert,Historically Focused,5,-4.2737565,2.8109515,0.36437178,9.863277,0.2244690060615539,0.15602859109640121,0.4544649124145508,0.2095775084241348,0.0,0.3084963957684483
乔迅（Jonathan Hay）_清初中国的绘画与现代性\5.2_石涛与八大山人.txt,乔迅 (Jonathan Hay),human_expert,Historically Focused,2,-3.7951646,-7.13626,4.587192,9.266524,0.1758104264736175,0.0,0.35449198881785077,0.16616236198255244,0.0,0.19370623616710858
乔迅（Jonathan Hay）_清初中国的绘画与现代性\5.3_靖江后人.txt,乔迅 (Jonathan Hay),human_expert,Historically Focused,5,-5.9992366,4.3342576,0.1974325,10.096557,0.2026982903480529,0.0,0.4029478049940533,0.2804426998338278,0.0,0.30073407091285015
乔迅（Jonathan Hay）_清初中国的绘画与现代性\5.4_宗室遗孤.txt,乔迅 (Jonathan Hay),human_expert,General Descriptive Profile,4,4.407936,7.144032,-1.0377908,7.425039,0.7667769193649292,0.4566841481778866,0.2410313288370768,0.3188232913613319,0.44258485237757367,0.6705876699543587
乔迅（Jonathan Hay）_清初中国的绘画与现代性\6.1_职业画僧.txt,乔迅 (Jonathan Hay),human_expert,Historically Focused,5,-3.351532,5.328463,-0.2790232,9.430333,0.2201146930456161,0.0,0.5204178525341882,0.38029946448171836,0.0,0.35608957560464016
乔迅（Jonathan Hay）_清初中国的绘画与现代性\6.2_清初的职业文人.txt,乔迅 (Jonathan Hay),human_expert,Historically Focused,5,-0.12927774,0.38653982,1.2751057,9.2291765,0.4365317225456238,0.0,0.7097700759768486,0.2564874363296172,0.0,0.4224180370808285
乔迅（Jonathan Hay）_清初中国的绘画与现代性\6.3_画家与赞助人.txt,乔迅 (Jonathan Hay),human_expert,Historically Focused,1,-1.5457517,10.431692,-2.0619867,9.121361,0.4791558086872101,0.5174241870805458,0.8440420031547546,0.44331135800948324,0.0,0.6270162430915602
乔迅（Jonathan Hay）_清初中国的绘画与现代性\6.4_生产策略.txt,乔迅 (Jonathan Hay),human_expert,Historically Focused,5,-5.930497,4.575654,-0.111575566,10.094511,0.3147833347320556,0.3343229339672969,0.7532052372892697,0.3432140108124882,0.0,0.42809245054844147
乔迅（Jonathan Hay）_清初中国的绘画与现代性\6.5_弟子身兼赞助人.txt,乔迅 (Jonathan Hay),human_expert,Lacks_Specific_Focus,3,-3.2553294,-14.851566,7.3598433,8.886132,0.170792281627655,0.0,0.0,0.0,0.0,0.012230753898620593
乔迅（Jonathan Hay）_清初中国的绘画与现代性\7.1_扬州绘画市场.txt,乔迅 (Jonathan Hay),human_expert,Historically Focused,5,-2.318021,2.736259,0.6955492,9.310818,0.3709757030010223,0.0,0.539555225107405,0.36114710090207114,0.0,0.42050818074992635
乔迅（Jonathan Hay）_清初中国的绘画与现代性\7.2_自况画.txt,乔迅 (Jonathan Hay),human_expert,Historically Focused,5,-3.5397449,7.4919357,-1.0569962,9.490449,0.290984958410263,0.31057997006219584,0.5345910125308566,0.42660689203470353,0.0,0.4075919352571434
乔迅（Jonathan Hay）_清初中国的绘画与现代性\7.3_装饰画.txt,乔迅 (Jonathan Hay),human_expert,Lacks_Specific_Focus,2,-4.691119,-9.448793,4.9500804,8.630147,0.4849834442138672,0.0,0.0,0.0,0.0,0.28296412690853906
乔迅（Jonathan Hay）_清初中国的绘画与现代性\7.4_纪念画.txt,乔迅 (Jonathan Hay),human_expert,Historically Focused,5,0.93891627,4.898072,-0.23794183,8.124832,0.3509101867675781,0.3014645203948021,0.517622345023685,0.32609568042498005,0.0,0.405960294836385
乔迅（Jonathan Hay）_清初中国的绘画与现代性\7.5_幻象与价值.txt,乔迅 (Jonathan Hay),human_expert,Historically Focused,1,2.010196,10.762734,-2.3078299,8.360719,0.2555789947509765,0.5411601137001436,0.9211024989684422,0.48974401930383604,0.3359178304672241,0.4567912597866619
乔迅（Jonathan Hay）_清初中国的绘画与现代性\8.1_清初画坛.txt,乔迅 (Jonathan Hay),human_expert,Lacks_Specific_Focus,3,-3.5583818,-12.984179,6.5571575,9.289377,0.3441912233829498,0.0,0.0,0.0,0.0,0.11423013140173517
乔迅（Jonathan Hay）_清初中国的绘画与现代性\8.2_经世致用的伦理观.txt,乔迅 (Jonathan Hay),human_expert,General Descriptive Profile,2,-3.7436914,-5.463519,3.6845632,9.899356,0.5987139940261841,0.0,0.0,0.04800133071839809,0.0,0.4179739805316941
乔迅（Jonathan Hay）_清初中国的绘画与现代性\8.3_石涛论技.txt,乔迅 (Jonathan Hay),human_expert,Historically Focused,1,3.1955233,8.866943,-1.6605402,7.585595,0.1938681602478027,0.3904749300235357,0.49410280254152084,0.39344284328467705,0.3074918786684672,0.33226200650361454
乔迅（Jonathan Hay）_清初中国的绘画与现代性\8.4_1703年为刘氏作山水大册.txt,乔迅 (Jonathan Hay),human_expert,Lacks_Specific_Focus,0,0.45450976,-4.6313863,3.2047548,9.524699,0.336950272321701,0.0,0.0,0.08704004709554068,0.0,0.25211469812149345
乔迅（Jonathan Hay）_清初中国的绘画与现代性\9.1_禅师画家.txt,乔迅 (Jonathan Hay),human_expert,Technique & Style Focused,5,-4.6529427,0.50873137,1.6922358,9.924222,0.1871351599693298,0.0,0.31182836989561713,0.32757112766597785,0.0,0.27145578639512075
乔迅（Jonathan Hay）_清初中国的绘画与现代性\9.2_方士画家.txt,乔迅 (Jonathan Hay),human_expert,Historically Focused,5,-0.11916436,5.601024,-0.5351487,8.399129,0.2298547923564911,0.28478216379880905,0.46540093753072953,0.4112876289469354,0.0,0.3020316135476936
乔迅（Jonathan Hay）_清初中国的绘画与现代性\9.3_一与至人.txt,乔迅 (Jonathan Hay),human_expert,Historically Focused,5,0.36650836,3.7133791,0.19653589,8.383323,0.2602834403514862,0.0,0.39232325553894043,0.37086089586510373,0.0,0.36185780334918893
乔迅（Jonathan Hay）_清初中国的绘画与现代性\9.4_自主的哲学.txt,乔迅 (Jonathan Hay),human_expert,General Descriptive Profile,4,2.935156,3.2231758,0.26280662,7.471271,0.7110207080841064,0.0,0.0,0.23562581052674966,0.288787841796875,0.6081864599756059
列文森（Joseph Levenson）_从绘画所见明代与清初社会中的业余爱好理想\1_引言.txt,列文森 (Joseph Levenson),human_expert,Historically Focused,5,-2.3543599,0.5239349,1.4208088,9.410219,0.4617839455604553,0.0,0.7379905929168065,0.3709670920582378,0.0,0.43500456539665
列文森（Joseph Levenson）_从绘画所见明代与清初社会中的业余爱好理想\2.1_明代的社会风格.txt,列文森 (Joseph Levenson),human_expert,Lacks_Specific_Focus,2,-1.52231,-6.893511,4.00736,9.564276,0.1405146718025207,0.0,0.04172945022583008,0.22610311410298534,0.0,0.11936117742549289
列文森（Joseph Levenson）_从绘画所见明代与清初社会中的业余爱好理想\2.2_明代的绘画风格.txt,列文森 (Joseph Levenson),human_expert,Lacks_Specific_Focus,0,-1.7294341,-3.5001745,2.5151174,9.719457,0.302278071641922,0.0,0.23123398423194885,0.2725998574027828,0.0,0.2749104244425335
列文森（Joseph Levenson）_从绘画所见明代与清初社会中的业余爱好理想\3.1_绘画中的“南北宗”.txt,列文森 (Joseph Levenson),human_expert,Lacks_Specific_Focus,3,-2.7646794,-10.906644,5.7266603,9.383362,0.2717660665512085,0.0,0.0,0.0,0.0,0.110423016790201
列文森（Joseph Levenson）_从绘画所见明代与清初社会中的业余爱好理想\3.2_儒生对佛教美学的选择.txt,列文森 (Joseph Levenson),human_expert,General Descriptive Profile,5,-1.5828493,0.821852,1.1124097,9.088397,0.5411242246627808,0.0,0.4816567003726959,0.31702676177317013,0.0,0.49109387021252815
列文森（Joseph Levenson）_从绘画所见明代与清初社会中的业余爱好理想\3.3_性灵的成规化.txt,列文森 (Joseph Levenson),human_expert,Historically Focused,1,-0.63376915,8.757475,-1.8015678,8.780022,0.2654461562633514,0.38884492103870094,0.8549052476882935,0.4451078600451057,0.0,0.4462240475384308
列文森（Joseph Levenson）_从绘画所见明代与清初社会中的业余爱好理想\3.4_官与因循守旧的美学：从反面对这两者联系的一个肯定.txt,列文森 (Joseph Levenson),human_expert,General Descriptive Profile,0,-0.86528754,-4.7495327,3.4830601,9.009931,0.5026752948760986,0.0,0.0,0.32199509075897575,0.0,0.4005645684061203
列文森（Joseph Levenson）_从绘画所见明代与清初社会中的业余爱好理想\4.1_流派界限的模糊化.txt,列文森 (Joseph Levenson),human_expert,Historically Focused,0,-2.1575427,-0.47336334,1.8321406,9.521314,0.2292607426643371,0.0,0.6683535041908423,0.318387444142033,0.0,0.2794428847451261
列文森（Joseph Levenson）_从绘画所见明代与清初社会中的业余爱好理想\4.2_收藏家与鉴赏家.txt,列文森 (Joseph Levenson),human_expert,Historically Focused,1,-0.34106106,9.143746,-1.8132205,8.698553,0.2684188187122345,0.461496723140334,0.8644005296130974,0.4740388246874014,0.0,0.3954539932310581
列文森（Joseph Levenson）_从绘画所见明代与清初社会中的业余爱好理想\5.1_判断“衰落”的相对性.txt,列文森 (Joseph Levenson),human_expert,Historically Focused,5,1.1746726,5.363326,-0.47252327,8.024776,0.2668326497077942,0.282627647156482,0.6029132041666243,0.39305478841358543,0.21999895572662354,0.3882791192973042
列文森（Joseph Levenson）_从绘画所见明代与清初社会中的业余爱好理想\5.2_民族主义：文化变革与做官的职业化.txt,列文森 (Joseph Levenson),human_expert,Historically Focused,1,0.8401721,9.272919,-1.9931487,8.269992,0.3082441091537475,0.38654196647169825,0.8067041859030724,0.4002543301705051,0.2533772389094035,0.44810742910772083
洪再辛_海外中国画研究文选（1950-1987）\导言.txt,洪再辛 (Hong Zaixin),human_expert,Lacks_Specific_Focus,2,-1.7410077,-9.297942,4.9529724,9.294682,0.1634907573461532,0.0,0.0,0.0,0.0,0.07392749468233174
聂崇正_清代宫廷绘画\1_清以前的宫廷绘画概述.txt,聂崇正 (Nie Chongzheng),human_expert,Lacks_Specific_Focus,3,-3.7563972,-14.35383,7.243874,8.982121,0.1528605073690414,0.0,0.0,0.0,0.0,0.0016826513935537606
聂崇正_清代宫廷绘画\2.1_绘画机构的设置.txt,聂崇正 (Nie Chongzheng),human_expert,Historically Focused,1,1.5467423,6.30048,-0.7120081,8.043191,0.1592839658260345,0.17414987087249756,0.72440501054128,0.36079140799302684,0.1479462186495463,0.30508519099517295
聂崇正_清代宫廷绘画\2.2_画家的工作场所与称谓.txt,聂崇正 (Nie Chongzheng),human_expert,Historically Focused,1,0.5968743,10.784084,-2.4048889,8.53285,0.1810186505317688,0.5580837080651279,0.8295366292198498,0.42278991927411047,0.3378455638885498,0.3980343037030913
聂崇正_清代宫廷绘画\2.3_宫廷绘画的管理制度.txt,聂崇正 (Nie Chongzheng),human_expert,Historically Focused,1,0.99633056,11.667725,-2.5306518,8.493522,0.3471264243125915,0.7490452355389141,0.9939267163475354,0.5213147247977116,0.4663313825925191,0.4929614060304381
聂崇正_清代宫廷绘画\3.1_清代宫廷绘画的分期.txt,聂崇正 (Nie Chongzheng),human_expert,Historically Focused,1,0.8507164,11.15576,-2.6125944,8.438635,0.1685958057641983,0.6417829870368561,0.9238476753234863,0.47374346942878226,0.37082119782765705,0.4557081750609021
聂崇正_清代宫廷绘画\3.2.1_纪实绘画.txt,聂崇正 (Nie Chongzheng),human_expert,Lacks_Specific_Focus,3,-2.9791813,-13.037025,6.7839637,9.160906,0.3085117042064667,0.0,0.0,0.0,0.0,0.09324217894498041
聂崇正_清代宫廷绘画\3.2.2_历史绘画.txt,聂崇正 (Nie Chongzheng),human_expert,Historically Focused,5,-0.1075241,6.746292,-1.1745104,8.452435,0.4305067062377929,0.4668714415568572,0.674374606874254,0.4880802113635866,0.0,0.5171702637730594
聂崇正_清代宫廷绘画\3.2.3_装饰性绘画.txt,聂崇正 (Nie Chongzheng),human_expert,Historically Focused,0,-1.5773996,-2.8444629,2.2579799,9.734256,0.1494191139936447,0.0,0.6313001463810602,0.12390032119172457,0.0,0.2042357642203569
聂崇正_清代宫廷绘画\3.2.4_宗教绘画.txt,聂崇正 (Nie Chongzheng),human_expert,General Descriptive Profile,2,-5.299256,-7.8856196,4.24226,8.562499,0.5690085887908936,0.0,0.0,0.1166164477739264,0.0,0.40797730767352375
聂崇正_清代宫廷绘画\3.2.5_油画和版画.txt,聂崇正 (Nie Chongzheng),human_expert,Technique & Style Focused,0,-3.0232763,-2.141074,2.6212673,8.722185,0.1769371032714843,0.0,0.023171007633209218,0.3041493521163276,0.0,0.22886078504915217
聂崇正_清代宫廷绘画\4.1_“臣”字款的画.txt,聂崇正 (Nie Chongzheng),human_expert,Historically Focused,0,-0.49930537,-2.8069065,2.8256447,9.369903,0.1254907399415969,0.0,0.3011631949080361,0.2533484353592583,0.0,0.1735092404891144
聂崇正_清代宫廷绘画\4.2_纪实绘画的重要价值.txt,聂崇正 (Nie Chongzheng),human_expert,General Descriptive Profile,0,-3.0742152,-0.99183387,1.9254539,9.172945,0.4561038315296173,0.0,0.27942079305648804,0.3048317997332881,0.0,0.41783851216781265
聂崇正_清代宫廷绘画\4.3_描绘塞外风光的新题材.txt,聂崇正 (Nie Chongzheng),human_expert,Historically Focused,4,2.6039758,5.8269033,-0.6201389,7.7047296,0.2022026181221008,0.3092893734574318,0.7116014969845612,0.34870768319450174,0.30937008062998456,0.34736598193406415
聂崇正_清代宫廷绘画\4.4_中西合璧的新画风.txt,聂崇正 (Nie Chongzheng),human_expert,Historically Focused,1,0.060525447,8.499776,-1.6940421,8.522739,0.237449899315834,0.3936987527861045,0.7198439811666806,0.4492148117399683,0.0,0.41483922960127095
聂崇正_清代宫廷绘画\4.5_对清代宫廷绘画的整体评价与研究展望.txt,聂崇正 (Nie Chongzheng),human_expert,Historically Focused,0,-0.9798219,-2.2214608,2.4074066,9.618699,0.1565681993961334,0.0,0.5683639583488306,0.2714876842922439,0.0,0.1904332639181359
苏利文（Sullivan）_山川悠远 中国山水画艺术\1_中国山水画的欣赏特质.txt,苏利文 (Sullivan),human_expert,Lacks_Specific_Focus,2,-1.6654319,-7.6277227,4.301087,9.658484,0.130945086479187,0.0,0.0,0.07805205305271289,0.0,0.10887894881042567
苏利文（Sullivan）_山川悠远 中国山水画艺术\2.1.1_中国早期艺术中韵律感的表现及其对山水画的基础作用.txt,苏利文 (Sullivan),human_expert,General Descriptive Profile,1,3.0175285,9.259873,-1.9347534,7.744746,0.5373695492744446,0.5252761657421405,0.6135976910591125,0.4420418556268308,0.0,0.6189486024213984
苏利文（Sullivan）_山川悠远 中国山水画艺术\2.1.2_汉代绘画中山水作为故事背景的初步尝试和局限.txt,苏利文 (Sullivan),human_expert,Historically Focused,4,3.575188,4.67826,-0.18518679,7.383488,0.1409646421670913,0.0,0.531635688410865,0.34822452597173986,0.3892993927001953,0.31391229666769505
苏利文（Sullivan）_山川悠远 中国山水画艺术\2.1.3_山水诗、山水画的兴起.txt,苏利文 (Sullivan),human_expert,Historically Focused,4,3.4176297,3.8314643,0.036065243,7.3027687,0.3818083107471466,0.0,0.48341377079486847,0.3602142909139978,0.39306414127349854,0.4161809017672577
苏利文（Sullivan）_山川悠远 中国山水画艺术\2.1.4_早期画家的贡献和作品特点.txt,苏利文 (Sullivan),human_expert,Historically Focused,5,-3.0455568,2.1850147,0.33281147,9.363871,0.2768675982952118,0.0,0.49305039313104415,0.315999063162827,0.0,0.3389129951436889
苏利文（Sullivan）_山川悠远 中国山水画艺术\2.1.5_敦煌壁画中山水元素的早期表现.txt,苏利文 (Sullivan),human_expert,Theory & Comparison Focused,4,4.215151,1.7230564,1.1755618,7.791178,0.2550550103187561,0.0,0.0,0.26898224095941753,0.4022248188654582,0.28809894294911287
苏利文（Sullivan）_山川悠远 中国山水画艺术\2.2.1_唐代山水画发展的历史背景和社会文化环境.txt,苏利文 (Sullivan),human_expert,Lacks_Specific_Focus,3,-3.4966617,-13.883009,7.137204,9.032225,0.171504721045494,0.0,0.0,0.0,0.0,0.012649835909114119
苏利文（Sullivan）_山川悠远 中国山水画艺术\2.2.2_展子虔、李思训、李昭道等早期唐代山水画家的风格特点.txt,苏利文 (Sullivan),human_expert,Lacks_Specific_Focus,2,1.6349847,-6.335775,3.9816434,8.422666,0.370127260684967,0.0,0.0,0.0,0.0,0.262380268777108
苏利文（Sullivan）_山川悠远 中国山水画艺术\2.2.3_王维作为文人山水画开山祖师的地位及其《辋川图》的影响.txt,苏利文 (Sullivan),human_expert,General Descriptive Profile,5,-5.2168603,3.2330685,0.44463578,9.986269,0.3491188585758209,0.0,0.23377569516499838,0.35311193460342927,0.0,0.408530674048047
苏利文（Sullivan）_山川悠远 中国山水画艺术\2.2.4_张璪“外师造化，中得心源”的创作理念和技法.txt,苏利文 (Sullivan),human_expert,Historically Focused,5,-5.8191175,5.6731205,-0.51551574,9.974602,0.2444172799587249,0.3724543258443579,0.5180683831373851,0.4029393760304825,0.0,0.4205267105331235
苏利文（Sullivan）_山川悠远 中国山水画艺术\2.2.5_唐代山水画技法的发展，如线描、“没骨”、水墨渲染的结合.txt,苏利文 (Sullivan),human_expert,Lacks_Specific_Focus,0,-4.0510015,-1.5057541,2.3382957,9.105121,0.17378830909729,0.0,0.15203989545504254,0.2437846155983268,0.0,0.18970757998267113
苏利文（Sullivan）_山川悠远 中国山水画艺术\2.2.6_敦煌和日本正仓院所藏的唐代风格山水画.txt,苏利文 (Sullivan),human_expert,Lacks_Specific_Focus,2,0.92445755,-10.296415,5.0361,9.8901415,0.4189969301223755,0.0,0.17433404922485352,0.0,0.0,0.23284417655465894
苏利文（Sullivan）_山川悠远 中国山水画艺术\2.2.7_晚唐“逸品”画家的怪诞风格及其对传统的挑战.txt,苏利文 (Sullivan),human_expert,Historically Focused,5,-4.2725644,4.748442,-0.09390991,9.684492,0.3573527634143829,0.0,0.47785126169522596,0.38717494506169764,0.0,0.4333244816345327
苏利文（Sullivan）_山川悠远 中国山水画艺术\2.3.1_五代，宋初山水画.txt,苏利文 (Sullivan),human_expert,Lacks_Specific_Focus,2,-3.3793936,-7.7388487,4.4735093,9.098277,0.1992747038602829,0.0,0.05436861515045166,0.1896213647416409,0.0,0.1793067045360405
苏利文（Sullivan）_山川悠远 中国山水画艺术\2.3.2_北方山水画大师.txt,苏利文 (Sullivan),human_expert,Historically Focused,5,-1.4317663,5.997246,-0.92413884,8.822488,0.2558771073818207,0.28252201824338286,0.7943242937326431,0.4149728600300995,0.0,0.3862197370851103
苏利文（Sullivan）_山川悠远 中国山水画艺术\2.3.3_山水画的装饰趣味和空间处理.txt,苏利文 (Sullivan),human_expert,Lacks_Specific_Focus,3,-1.4477608,-13.8065,6.5441437,9.056276,0.3715290427207947,0.0,0.0,0.0,0.0,0.13031120160046747
苏利文（Sullivan）_山川悠远 中国山水画艺术\2.3.4_北宋现实主义.txt,苏利文 (Sullivan),human_expert,General Descriptive Profile,4,3.8374212,0.8885009,1.2165368,7.846354,0.5360448956489563,0.0,0.24131736159324646,0.0,0.3696492314338684,0.4356380580839785
苏利文（Sullivan）_山川悠远 中国山水画艺术\2.3.5_宋代现实主义兴起与衰退.txt,苏利文 (Sullivan),human_expert,Historically Focused,4,1.251272,2.1440582,0.6842824,8.233077,0.1867212057113647,0.0,0.5262843171755474,0.31549704443005955,0.13992134730021158,0.2825864596083202
苏利文（Sullivan）_山川悠远 中国山水画艺术\2.3.6_南宋画院风格演变.txt,苏利文 (Sullivan),human_expert,Historically Focused,1,-0.5109424,12.110195,-0.8481058,9.266566,0.451936274766922,0.4115653319809681,0.7221799654265244,0.2481121806975673,0.3969825506210327,0.5386026501854791
苏利文（Sullivan）_山川悠远 中国山水画艺术\2.3.7_南宋文人画的兴起.txt,苏利文 (Sullivan),human_expert,Technique & Style Focused,2,-1.9539374,-5.0166774,3.603899,9.358356,0.2045151442289352,0.0,0.0,0.3251030955244513,0.0,0.20371193289358344
苏利文（Sullivan）_山川悠远 中国山水画艺术\2.3.8_禅宗绘画的特点.txt,苏利文 (Sullivan),human_expert,Theory & Comparison Focused,4,3.2660406,-0.51278085,1.4729879,8.169524,0.1693888157606125,0.0,0.0,0.22735422426725133,0.3775035540262858,0.23319031770249585
苏利文（Sullivan）_山川悠远 中国山水画艺术\2.3.9_金代山水画对北宋风格的继承与变化.txt,苏利文 (Sullivan),human_expert,Comprehensive Analyst,1,3.1947956,9.625108,-1.9431872,7.6967707,0.3555847108364105,0.47670445976021525,0.44472362101078033,0.44103152461203865,0.24494240681330362,0.4585172972955647
苏利文（Sullivan）_山川悠远 中国山水画艺术\2.4.1_蒙古统治对汉族文人画家的影响.txt,苏利文 (Sullivan),human_expert,Lacks_Specific_Focus,2,-1.9464526,-7.270657,4.163812,9.42729,0.1188291609287262,0.0,0.0,0.08332156240940093,0.0,0.10754991339688949
苏利文（Sullivan）_山川悠远 中国山水画艺术\2.4.2_元初画家钱选、赵孟頫的复古实践及其艺术主张.txt,苏利文 (Sullivan),human_expert,Historically Focused,5,-3.462322,5.6169734,-0.5658413,9.299934,0.2547116577625274,0.311008095741272,0.7631766671935718,0.38482618502834254,0.20890774329503378,0.4033358337726185
苏利文（Sullivan）_山川悠远 中国山水画艺术\2.4.3_元四家.txt,苏利文 (Sullivan),human_expert,Lacks_Specific_Focus,3,-3.9526794,-12.112645,6.240501,9.251839,0.1202212944626808,0.0,0.0,0.0,0.0,0.01586378971114754
苏利文（Sullivan）_山川悠远 中国山水画艺术\2.4.4_元代文人画.txt,苏利文 (Sullivan),human_expert,General Descriptive Profile,4,4.1853414,1.6040783,1.2035867,7.8343315,0.3175682425498962,0.0,0.0,0.24419439270654145,0.30560503403345746,0.3601762052914277
苏利文（Sullivan）_山川悠远 中国山水画艺术\2.4.5_元代其他画派.txt,苏利文 (Sullivan),human_expert,Lacks_Specific_Focus,2,-3.547502,-9.829376,5.378515,9.378308,0.3069822192192077,0.0,0.0,0.0,0.0,0.1806772410406427
苏利文（Sullivan）_山川悠远 中国山水画艺术\2.5.1_明代画家的风格选择.txt,苏利文 (Sullivan),human_expert,Historically Focused,5,-1.5572696,0.2063822,1.378256,9.544669,0.2117177248001098,0.0,0.6691295330723127,0.31681861314995613,0.0,0.29409188203473774
苏利文（Sullivan）_山川悠远 中国山水画艺术\2.5.2_明代宫廷画家、职业画家和文人画家的追求.txt,苏利文 (Sullivan),human_expert,Lacks_Specific_Focus,2,-1.8731973,-6.252944,3.8472435,9.544823,0.1246884763240814,0.0,0.04403036832809448,0.2550830884453128,0.0,0.14301295747811144
苏利文（Sullivan）_山川悠远 中国山水画艺术\2.5.3_吴门画派.txt,苏利文 (Sullivan),human_expert,Lacks_Specific_Focus,2,1.8534169,-6.154636,3.764452,8.374723,0.316916823387146,0.0,0.0,0.11293686733526341,0.17535467942555746,0.2388786380751965
苏利文（Sullivan）_山川悠远 中国山水画艺术\2.5.4_文徵明.txt,苏利文 (Sullivan),human_expert,Historically Focused,0,-1.5099468,-1.4229122,1.7828082,9.74018,0.1615526527166366,0.0,0.6376421190798283,0.28443000833777815,0.0,0.2313994746157192
苏利文（Sullivan）_山川悠远 中国山水画艺术\2.5.5_明代中期王阳明心学对文人思想和绘画观念的影响.txt,苏利文 (Sullivan),human_expert,Historically Focused,0,-2.0239005,-1.6084758,2.132018,8.854356,0.1299082338809967,0.0,0.35830289456579417,0.27321425484968165,0.0,0.21413913098248563
苏利文（Sullivan）_山川悠远 中国山水画艺术\2.5.6_晚明绘画.txt,苏利文 (Sullivan),human_expert,Lacks_Specific_Focus,2,-3.0814817,-8.484124,4.848978,9.349985,0.3905103206634521,0.0,0.0,0.14790506599580538,0.0,0.24361496742934302
苏利文（Sullivan）_山川悠远 中国山水画艺术\2.5.7_董其昌“南北宗论”.txt,苏利文 (Sullivan),human_expert,Historically Focused,5,-2.7774713,5.886066,-0.31379563,9.431574,0.2389576137065887,0.0,0.8637855822841327,0.2779186410062453,0.0,0.3245360202748666
苏利文（Sullivan）_山川悠远 中国山水画艺术\2.6.1_清初“遗民”画家.txt,苏利文 (Sullivan),human_expert,Historically Focused,1,0.86467826,8.063712,-1.7083261,8.350014,0.6002461910247803,0.4909271657630638,0.793426863849163,0.47720051837318084,0.3317863345146179,0.6437423909830058
苏利文（Sullivan）_山川悠远 中国山水画艺术\2.6.2_清代宫廷绘画的特点.txt,苏利文 (Sullivan),human_expert,Lacks_Specific_Focus,2,-1.01333,-6.4254065,3.810577,9.389003,0.2100428640842437,0.0,0.16121761997540793,0.23101822673251812,0.0,0.1685176437053291
苏利文（Sullivan）_山川悠远 中国山水画艺术\2.6.3_四王.txt,苏利文 (Sullivan),human_expert,Historically Focused,5,-1.4354619,7.551407,-1.3064591,8.765899,0.205009251832962,0.3559027165174484,0.792281448841095,0.4587050377153882,0.0,0.3733343256906391
苏利文（Sullivan）_山川悠远 中国山水画艺术\2.6.4_清初个性派大师“四僧”.txt,苏利文 (Sullivan),human_expert,Technique & Style Focused,5,-2.3561904,4.9401884,-0.17880586,9.152798,0.2517786026000976,0.26198863983154297,0.17869988083839417,0.45775901185823414,0.0,0.34143785196779797
苏利文（Sullivan）_山川悠远 中国山水画艺术\2.6.5_“扬州八怪”.txt,苏利文 (Sullivan),human_expert,Lacks_Specific_Focus,2,-3.5594604,-10.510775,5.4777374,9.08636,0.2323055416345596,0.0,0.0,0.0,0.0,0.1128961260823961
苏利文（Sullivan）_山川悠远 中国山水画艺术\2.6.6_18世纪末至19世纪中国山水画.txt,苏利文 (Sullivan),human_expert,Historically Focused,5,-1.8886646,7.85614,-1.3263582,9.000464,0.5390686988830566,0.3571652400118488,0.8290375495950381,0.4567637078610121,0.0,0.5923339983916538
苏利文（Sullivan）_山川悠远 中国山水画艺术\2.7.1_20世纪初西方文化艺术对中国山水画的冲击和挑战.txt,苏利文 (Sullivan),human_expert,Historically Focused,5,-6.091791,2.5796676,0.8437199,10.103985,0.2510274052619934,0.0,0.41704918609725106,0.321157538598659,0.0,0.30676776136864314
苏利文（Sullivan）_山川悠远 中国山水画艺术\2.7.2_传统派画家.txt,苏利文 (Sullivan),human_expert,Historically Focused,1,-1.7207769,9.780756,-1.705405,9.241971,0.3618103563785553,0.3809046596288681,0.8089214786887169,0.4290398244910381,0.0,0.4985530737608193
苏利文（Sullivan）_山川悠远 中国山水画艺术\2.7.3_融合中西的画家.txt,苏利文 (Sullivan),human_expert,General Descriptive Profile,5,-6.140182,2.3978999,1.0300814,10.186067,0.3357537984848022,0.0,0.0,0.3244539362981039,0.0,0.4037167905247147
苏利文（Sullivan）_山川悠远 中国山水画艺术\2.7.4_抗日战争和内战对山水画发展方向的影响.txt,苏利文 (Sullivan),human_expert,General Descriptive Profile,2,-3.1986272,-3.4473946,1.9057161,9.114991,0.6194456815719604,0.0,0.0,0.352160932927155,0.0,0.49071006236826986
苏利文（Sullivan）_山川悠远 中国山水画艺术\2.7.5_海外发展的画家.txt,苏利文 (Sullivan),human_expert,Historically Focused,1,-2.2788136,8.736907,-1.4988602,9.129803,0.3976418972015381,0.4321569051498022,0.9305157785614332,0.5036838599133725,0.2304233511288961,0.5441776618640372
苏利文（Sullivan）_山川悠远 中国山水画艺术\2.7.6_古为今用、洋为中用.txt,苏利文 (Sullivan),human_expert,Historically Focused,5,-1.5962545,1.6791133,1.1148856,9.224462,0.3158602118492126,0.0,0.44967862798107994,0.3386104828878945,0.0,0.3610628048844515
苏利文（Sullivan）_山川悠远 中国山水画艺术\2.7.7_当代山水画.txt,苏利文 (Sullivan),human_expert,Technique & Style Focused,5,-1.3930271,4.456929,-0.0049977507,8.900306,0.3057345151901245,0.0,0.23577345410982767,0.40545729908580874,0.0,0.3739563554903881
苏利文（Sullivan）_山川悠远 中国山水画艺术\2.7.8_中国山水画在现代社会.txt,苏利文 (Sullivan),human_expert,Lacks_Specific_Focus,2,-0.8479983,-8.564016,4.430106,9.837409,0.2726116478443146,0.0,0.0,0.10463910126949058,0.0,0.20426916586606197
薛永年_中国绘画断代史\1.1_雍乾时期宫廷绘画的兴盛.txt,薛永年 (Xue Yongnian),human_expert,Historically Focused,1,0.96212184,10.149193,-2.4004247,8.304159,0.1869252771139145,0.4958867346629119,0.8393922472993532,0.4413023610325421,0.3287547032038371,0.41187872446794555
薛永年_中国绘画断代史\1.2_《视学》及线法画与外籍宫廷画家.txt,薛永年 (Xue Yongnian),human_expert,Lacks_Specific_Focus,2,-0.57261544,-7.24035,4.2310615,9.216505,0.2693070769309997,0.0,0.0,0.04336055394481211,0.0,0.15431304801165815
薛永年_中国绘画断代史\1.3_重要的宫廷绘画作品.txt,薛永年 (Xue Yongnian),human_expert,General Descriptive Profile,0,-4.909223,-2.8407574,2.801431,8.766035,0.3424586057662964,0.0,0.3106729785601298,0.1907720613348133,0.0,0.3292363758701931
薛永年_中国绘画断代史\1.4_宫廷中的油画作品.txt,薛永年 (Xue Yongnian),human_expert,Lacks_Specific_Focus,2,-4.500245,-8.66807,4.718787,8.86313,0.3055172860622406,0.0,0.0,0.07070345759172648,0.0,0.19512815505794104
薛永年_中国绘画断代史\1.5_词臣画与宗室画.txt,薛永年 (Xue Yongnian),human_expert,Historically Focused,0,-0.5978973,-4.197034,3.2659194,8.775819,0.1907623410224914,0.0,0.3386986023849911,0.11843612953363095,0.0,0.21567143404228795
薛永年_中国绘画断代史\2.1.1_清代的壁画.txt,薛永年 (Xue Yongnian),human_expert,Historically Focused,1,0.14689274,7.4028974,-1.4607974,8.25761,0.302215039730072,0.44856596680787897,0.7761195600032806,0.4267502257929129,0.0,0.48405151618993214
薛永年_中国绘画断代史\2.1.2_清代的版画.txt,薛永年 (Xue Yongnian),human_expert,Historically Focused,5,-3.4046855,1.5884297,0.69610757,9.549131,0.1936937272548675,0.0,0.5728596535821756,0.4140568042794864,0.0,0.30809964490606184
薛永年_中国绘画断代史\2.1.3_清代的年画.txt,薛永年 (Xue Yongnian),human_expert,Historically Focused,0,-0.41753963,-1.7637274,2.4505367,9.309737,0.1338691860437393,0.0,0.602334293226401,0.3332695722433866,0.0,0.23371449349956075
薛永年_中国绘画断代史\2.1.4_清代的铜版画与石印画报.txt,薛永年 (Xue Yongnian),human_expert,Historically Focused,4,-5.907104,0.91071767,1.0704907,8.448198,0.2294497191905975,0.0,0.4178326461050246,0.3612945503756111,0.2864353656768799,0.27963899164634903
薛永年_中国绘画断代史\2.1_清代的壁画，版画，年画与石印画报.txt,薛永年 (Xue Yongnian),human_expert,Historically Focused,5,-5.894998,1.5828745,1.2094432,9.919095,0.2978869378566742,0.0,0.43715601828363204,0.3755205853896982,0.0,0.3499572042694544
薛永年_中国美术史：清代卷\1.1.1_承继拓展期.txt,薛永年 (Xue Yongnian),human_expert,Lacks_Specific_Focus,3,-2.450914,-12.741436,6.648378,8.905482,0.2398664802312851,0.0,0.0,0.0,0.0,0.052862635430167705
薛永年_中国美术史：清代卷\1.1.2_繁荣多彩期.txt,薛永年 (Xue Yongnian),human_expert,Lacks_Specific_Focus,0,-0.6422576,-5.6065493,3.730028,9.2487545,0.1673845797777176,0.0,0.05420970916748047,0.2388727327772215,0.0,0.1591131229471555
薛永年_中国美术史：清代卷\1.1.3_古今转型期.txt,薛永年 (Xue Yongnian),human_expert,Lacks_Specific_Focus,2,-1.222324,-5.4876657,3.4943805,9.342916,0.2590262293815613,0.0,0.0,0.25057530654411686,0.0,0.221596879994168
薛永年_中国美术史：清代卷\1.2.1_繪畫機構與制度.txt,薛永年 (Xue Yongnian),human_expert,Historically Focused,5,1.1347635,3.9171526,-0.040636137,8.058543,0.3625100255012512,0.0,0.5504834519492254,0.31508151883003754,0.0,0.41730345350336584
薛永年_中国美术史：清代卷\1.2.2_顺治、康熙间的宫廷绘画.txt,薛永年 (Xue Yongnian),human_expert,Historically Focused,1,1.986026,7.507169,-1.0169487,7.8288035,0.1469582617282867,0.37079392335353756,0.8805242056647937,0.35511974182491207,0.3602425853411357,0.3418717162514274
薛永年_中国美术史：清代卷\1.2.3_雍正、乾隆及其後的宫廷繪畫.txt,薛永年 (Xue Yongnian),human_expert,Historically Focused,0,-0.9948571,-1.3021528,2.1521692,9.826339,0.1734973192214965,0.0,0.3973182770940993,0.31932028736553936,0.0,0.2507170124806184
薛永年_中国美术史：清代卷\1.2.4_西学东渐与清代宫廷画.txt,薛永年 (Xue Yongnian),human_expert,Lacks_Specific_Focus,2,-2.0703566,-5.5082903,3.5780241,9.433009,0.2464038878679275,0.0,0.051563431819279984,0.2848131350880744,0.0,0.2249038563991453
谢柏轲（Jerome Silbergeld）_西方中国绘画史研究专论\1.1_宋以前绘画的考古发现.txt,谢柏轲 (Jerome Silbergeld),human_expert,Historically Focused,4,1.7874844,3.4905663,0.12856354,7.88521,0.3945949375629425,0.0,0.49856926335228813,0.3211103349339728,0.29006892442703247,0.4220956374908533
谢柏轲（Jerome Silbergeld）_西方中国绘画史研究专论\1.2_宋和宋以后绘画的鉴定.txt,谢柏轲 (Jerome Silbergeld),human_expert,Lacks_Specific_Focus,3,-2.3907096,-12.973069,6.696874,9.164044,0.2176330387592315,0.0,0.0,0.0,0.0,0.039784140446606775
谢柏轲（Jerome Silbergeld）_西方中国绘画史研究专论\1.3_笔法鉴赏.txt,谢柏轲 (Jerome Silbergeld),human_expert,Lacks_Specific_Focus,3,-1.6449544,-12.166843,6.0820165,8.945585,0.1702205389738083,0.0,0.0,0.0,0.0,0.04493986036289821
谢柏轲（Jerome Silbergeld）_西方中国绘画史研究专论\1.4_艺术的个人风格、发展模式、变化幅度和画家性格.txt,谢柏轲 (Jerome Silbergeld),human_expert,Lacks_Specific_Focus,3,-0.43435025,-12.384332,5.692244,8.641105,0.2169000655412674,0.0,0.0,0.0,0.0,0.09862739250641617
谢柏轲（Jerome Silbergeld）_西方中国绘画史研究专论\2.1_关于风格与相关情景的流行理论.txt,谢柏轲 (Jerome Silbergeld),human_expert,Historically Focused,5,-1.1253625,7.0981026,-1.2898147,8.607413,0.3456735014915466,0.3893734486057208,0.6792714529567294,0.44413334046508746,0.0,0.4645766117037299
谢柏轲（Jerome Silbergeld）_西方中国绘画史研究专论\2.2_宋以前的画论及其哲学背景.txt,谢柏轲 (Jerome Silbergeld),human_expert,Historically Focused,5,-0.1738936,3.062205,0.22654794,8.612364,0.3655030429363251,0.0,0.48244939578904045,0.37643375111853367,0.0,0.4333784588529195
谢柏轲（Jerome Silbergeld）_西方中国绘画史研究专论\2.3_后期画论及其哲学背景.txt,谢柏轲 (Jerome Silbergeld),human_expert,Historically Focused,5,-0.9792243,3.1323168,0.5440509,8.899896,0.2229606062173843,0.0,0.5918530623118083,0.3680911029378573,0.0,0.35257602811736216
谢柏轲（Jerome Silbergeld）_西方中国绘画史研究专论\2.4_诗画关系.txt,谢柏轲 (Jerome Silbergeld),human_expert,Lacks_Specific_Focus,2,-1.6050495,-9.784265,5.3125315,9.594403,0.3894344568252563,0.0,0.0,0.04480230070321875,0.0,0.22691267972343898
谢柏轲（Jerome Silbergeld）_西方中国绘画史研究专论\3.1_道释图像学.txt,谢柏轲 (Jerome Silbergeld),human_expert,Lacks_Specific_Focus,2,-1.974334,-10.411311,5.401289,9.518532,0.2095217853784561,0.0,0.0,0.0,0.0,0.10651447161793068
谢柏轲（Jerome Silbergeld）_西方中国绘画史研究专论\3.2_作为政治说教的宫廷画.txt,谢柏轲 (Jerome Silbergeld),human_expert,Lacks_Specific_Focus,2,-0.22852308,-9.584983,5.034997,9.92241,0.4240059554576874,0.0,0.1946866710980733,0.0973348973538069,0.0,0.2893313400741208
谢柏轲（Jerome Silbergeld）_西方中国绘画史研究专论\3.3_文人画的政治性图像.txt,谢柏轲 (Jerome Silbergeld),human_expert,General Descriptive Profile,5,-0.81225777,1.6629902,0.94515693,9.008259,0.4552474617958069,0.0,0.2734430283308029,0.2679039278670269,0.0,0.424779964934656
谢柏轲（Jerome Silbergeld）_西方中国绘画史研究专论\3.4_传统文学题材图卷.txt,谢柏轲 (Jerome Silbergeld),human_expert,Lacks_Specific_Focus,2,0.12343316,-9.399494,5.0929666,9.9806795,0.2688770294189453,0.0,0.08036600550015768,0.07770280029405566,0.0,0.20593793194536814
谢柏轲（Jerome Silbergeld）_西方中国绘画史研究专论\4.1_内容与相关情境之关系.txt,谢柏轲 (Jerome Silbergeld),human_expert,General Descriptive Profile,2,1.2114289,-9.107042,4.825391,10.181948,0.711435079574585,0.0,0.26016531387964886,0.0,0.0,0.4714988764956902
谢柏轲（Jerome Silbergeld）_西方中国绘画史研究专论\4.2_艺术赞助之研究的若干命题.txt,谢柏轲 (Jerome Silbergeld),human_expert,Lacks_Specific_Focus,2,-3.3410182,-5.5648293,3.7040386,9.804358,0.324309229850769,0.0,0.0,0.030694458184435086,0.0,0.25837380881296756
谢柏轲（Jerome Silbergeld）_西方中国绘画史研究专论\4.3_皇家赞助.txt,谢柏轲 (Jerome Silbergeld),human_expert,Lacks_Specific_Focus,3,-3.7147815,-14.7307625,7.364269,8.832302,0.1255965828895568,0.0,0.0,0.0,0.0,0.0
谢柏轲（Jerome Silbergeld）_西方中国绘画史研究专论\4.4_赞助与文人.txt,谢柏轲 (Jerome Silbergeld),human_expert,Lacks_Specific_Focus,2,-2.5258918,-8.565197,4.919162,9.527711,0.2098119705915451,0.0,0.0,0.12852744050323964,0.0,0.15245915434378032
谢柏轲（Jerome Silbergeld）_西方中国绘画史研究专论\4.5_艺术地位与艺术：职业画家与业余画家.txt,谢柏轲 (Jerome Silbergeld),human_expert,Lacks_Specific_Focus,3,-1.6299561,-11.621739,6.002045,9.417285,0.1758846044540405,0.0,0.0,0.0,0.0,0.04164546973042109
谢柏轲（Jerome Silbergeld）_西方中国绘画史研究专论\4.6_艺术中的妇女.txt,谢柏轲 (Jerome Silbergeld),human_expert,Lacks_Specific_Focus,3,-0.619674,-10.934934,5.7584767,9.635935,0.5099543929100037,0.0,0.0,0.03325253488386378,0.0,0.26760542730957687
谢柏轲（Jerome Silbergeld）_西方中国绘画史研究专论\4.7_欧洲绘画的影响.txt,谢柏轲 (Jerome Silbergeld),human_expert,General Descriptive Profile,0,1.010568,-1.6548533,2.0940964,8.91981,0.412330150604248,0.0,0.14018536607424417,0.04997022314654554,0.0,0.33351585680100926
贡布里希_西方人的眼光—评苏立文的《永恒的象征—中国山水画艺术\1_中国山水画的特点.txt,贡布里希 (Gombrich),human_expert,Lacks_Specific_Focus,2,0.26138148,-7.9977417,4.2262154,9.633833,0.2204371392726898,0.0,0.0,0.0,0.0,0.16500880222339281
贡布里希_西方人的眼光—评苏立文的《永恒的象征—中国山水画艺术\2_中西方艺术批评在评价标准和表述方式上的差异.txt,贡布里希 (Gombrich),human_expert,Lacks_Specific_Focus,2,-2.640626,-9.960622,5.4369507,9.350514,0.1995716840028762,0.0,0.0,0.2440955333302126,0.0,0.1079887011173096
贡布里希_西方人的眼光—评苏立文的《永恒的象征—中国山水画艺术\3_质疑.txt,贡布里希 (Gombrich),human_expert,Lacks_Specific_Focus,3,-2.480371,-11.509277,5.9252048,9.435539,0.3533326089382171,0.0,0.0,0.0,0.0,0.02167372174285859
贡布里希_西方人的眼光—评苏立文的《永恒的象征—中国山水画艺术\4_对苏立文著作的肯定及商榷.txt,贡布里希 (Gombrich),human_expert,General Descriptive Profile,5,-2.2772353,3.8389387,0.3570611,9.185249,0.6629006862640381,0.0,0.5195301837391324,0.4963592278752841,0.0,0.59156690797903
高居翰（James Cahill）_明清绘画中作为思想观念的风格\1_开篇.txt,高居翰 (James Cahill),human_expert,Lacks_Specific_Focus,2,-2.621669,-4.6226716,3.4059603,9.997326,0.2746841013431549,0.0,0.11660132805506389,0.12975192742750924,0.0,0.1714176195250316
高居翰（James Cahill）_明清绘画中作为思想观念的风格\2.1_儒生对佛教美学的选择.txt,高居翰 (James Cahill),human_expert,Historically Focused,0,-2.1462305,-0.8750584,2.023737,9.601961,0.1828127205371856,0.0,0.4143884645568,0.3103716302516998,0.0,0.25414362743018776
高居翰（James Cahill）_明清绘画中作为思想观念的风格\2.2_仿的问题.txt,高居翰 (James Cahill),human_expert,Lacks_Specific_Focus,3,-2.8278177,-14.044864,7.075873,9.102611,0.1403259932994842,0.0,0.0,0.0,0.0,0.0
高居翰（James Cahill）_明清绘画中作为思想观念的风格\3.1_没有绘画的绘画研究.txt,高居翰 (James Cahill),human_expert,Historically Focused,5,0.90291286,-0.40245035,1.4227782,9.124534,0.3961136043071747,0.0,0.49238772524727714,0.05585820626686601,0.0,0.3746747957034544
高居翰（James Cahill）_明清绘画中作为思想观念的风格\4.1_绘画在历史中的位置.txt,高居翰 (James Cahill),human_expert,Historically Focused,1,1.2881186,8.983612,-1.8664583,7.9683156,0.2570834159851074,0.3772756793833041,0.7559032986561458,0.3981638993702683,0.23821371793746948,0.41006883899158336
正月(Basic).txt,MLLM_UnknownPersona,mllm,Technique & Style Focused,0,4.647955,-3.4315102,2.798507,8.01555,0.2264789789915084,0.0,0.0,0.35018371830091755,0.0,0.22163053991442377
正月(with_Brother_Thomas).txt,MLLM_UnknownPersona,mllm,Lacks_Specific_Focus,0,3.08981,-4.9181957,3.2714045,8.251159,0.2136397361755371,0.0,0.0,0.09812981195966985,0.2043522596359253,0.20346629517003492
正月(with_Dr_Aris_Thorne).txt,MLLM_UnknownPersona,mllm,Historically Focused,1,6.7230296,-0.3940728,2.072319,7.6078806,0.1718994528055191,0.2879476845264435,0.575766866405805,0.311773809177034,0.3323691487312317,0.3305141223783799
正月(with_Guo_Xi).txt,MLLM_UnknownPersona,mllm,Technique & Style Focused,1,6.715143,-0.4493098,2.1981015,7.7282753,0.1539270132780075,0.26489222135681373,0.3243132730325063,0.3589066777889635,0.0,0.2809109796177257
正月(with_John_Ruskin).txt,MLLM_UnknownPersona,mllm,Lacks_Specific_Focus,0,0.86030847,-3.2267962,2.8316743,8.993925,0.1753745973110199,0.0,0.0,0.2943613458643941,0.22188764810562134,0.16453410409898916
正月(with_Mama_Zola).txt,MLLM_UnknownPersona,mllm,Lacks_Specific_Focus,0,4.0610485,-3.8756635,2.913709,8.1099825,0.3141337931156158,0.0,0.0,0.2805920925794863,0.0,0.2763783691331425
正月(with_Okakura_Kakuzo).txt,MLLM_UnknownPersona,mllm,Technique & Style Focused,0,4.911973,-3.020953,2.707181,7.8859854,0.2122035920619964,0.0,0.0,0.3053281284868717,0.1860639452934265,0.2746931998766361
正月(with_Professor_Elena_Petrova).txt,MLLM_UnknownPersona,mllm,Technique & Style Focused,1,5.566921,-2.306434,2.496873,7.6885304,0.1711238920688629,0.3996917090409405,0.0,0.403027730420524,0.33088237047195435,0.3225922408429059
正月(with_Su_Shi).txt,MLLM_UnknownPersona,mllm,Technique & Style Focused,0,5.323841,-2.6066403,2.5765042,7.7396126,0.2313804179430008,0.0,0.05676496028900146,0.3271226972341537,0.28152865171432495,0.313666676320534
